URL,Country name,City,Settlement,Established,Last updated,History,Priorities,Population,Structures,Eviction,Status,Total number of toilets seats,Toilet wrk,Working toilet seats to people,Types of toilets,Water tot,Water wrk,Water pp,Electric,Water Cost,Trash pw,Trash location,Road type,Trans type,Saving tot,Lead,Lead freq,City Relat,City freq,Diseases,Acc Clin,Time Clin,Acc aids,Time aids,Acc hosp,Time hosp,Facilities
https://sdinet.org/settlement/1846/5171240,Ghana,Ladma,ABAFUM KOWE ABESE,1961,2/3/2017,"History: THE FIRST SETTLERS MIGRATED FROM ""MANTEASE"" AND OTHERS MIGRATED FROM KOFORIDUA TOO","Waterdrainage, Sanitationsewage, Electricity, Landtenure, Waterdrainage, Sanitationsewage, Electricity, Landtenure","15,000",3627,high,"declared, legal, protected",1,"1,Broken toilets:0",0.458333333,Flush,700,400,1:14,yes,50,1,Common area inside settlement,gravel roads,"Bus, Taxi, Walking",N/A,Yes,year,good,week,"MALARIA, CHOLERA, BLOOD PRESSURE",yes,more than 1 hour,no,Unknown,yes,more than 1 hour,N/A
https://sdinet.org/settlement/1846/5131756,Ghana,Accra,MATAHEKO,1970,8/10/2016,"History: A fetish priest was the first to put up a structure and labelled it ""mataheko"" literally meaning ""i'm resting or sitting at a place""","Waterdrainage, Other, Housing, Sanitationsewage, Other, Waterdrainage, Other, Housing, Sanitationsewage, Other","900,000",3330,None,"declared, legal, protected",2,"2,Broken toilets:0","1:64,286",Flush,1355,1355,0.502777778,yes,30,N/A,Common area inside settlement,tarred roads,"Bus, Taxi, Motorbike",15,Yes,other,good,month,"Malaria, Typhoid, Cholera, Diarrhea",N/A,Unknown,N/A,Unknown,yes,Unknown,N/A
https://sdinet.org/settlement/1846/16462951,Ghana,Accra,Osu Doku,1958,13-06-2017,"History: Osu Area was the name before because of the soldiers living here, which was also called ARE royal ingeneers during the second world war","Waterdrainage, Other, Waterdrainage, Other","12,000",4872,None,"declared, legal, protected",1,"50,Broken toilets:-49",1:10,Flush,500,1000,1:08,yes,120,1,Individual bins,tarred roads,"Bus, Taxi, Walking",1,Yes,other,good,never,"Malaria, Typhoid, High blood pressure, Diabetes",yes,Unknown,yes,more than 1 hour,yes,10 minutes,N/A
https://sdinet.org/settlement/1846/5123232,Ghana,Accra,ROMAN RIDGE AIRPORT,1950,10/10/2016,History: LEGION VILLAGE WAS A PLAN MEANT FOR THE OLD VETERAN OF THE SECOND WORLD WAR TO  SETTLE THERE,"Other, Sanitationsewage, Other, Other, Other, Sanitationsewage, Other, Other","24,000",3363,low,"declared, legal, protected",1,"6500,Broken toilets:-6499",1:04,Flush,500,6500,1:03,yes,30,1,Individual bins,N/A,"Bus, Train, Taxi",N/A,Yes,month,average,never,MALARIA,yes,Unknown,yes,30 minutes,yes,30 minutes,N/A
https://sdinet.org/settlement/1846/5141628,Ghana,Accra,KANESHIE,1970,9/10/2016,"History: There used to be a god who puts on lights every night so the settlement was named ""kaneshie"" which means (under the light).","Sanitationsewage, Waterdrainage, Electricity, Landtenure, Housing, Sanitationsewage, Waterdrainage, Electricity, Landtenure, Housing","60,000",8187,None,"declared, legal, protected",1,"120,Broken toilets:-119",0.195138889,Flush,2000,600,1:23,yes,25,1,Individual bins,tarred roads,"Bus, Taxi, Motorbike",4,Yes,year,good,week,"MALARIA, FEVER, COUGHING",yes,Unknown,no,Unknown,yes,15 minutes,N/A
https://sdinet.org/settlement/1846/5130426,Ghana,Accra,HP,1971,5/7/2018,History: Around 1971 when the Europeans settled and rared pigs for human consumption,"Waterdrainage, Sanitationsewage, Housing, Electricity, Sanitationsewage, Waterdrainage, Sanitationsewage, Housing, Electricity, Sanitationsewage","200,000",8250,None,"declared, legal, protected",2,"80,Broken toilets:-78","1:2,247",Flush,2000,3500,1:36,yes,75,1,Common area inside settlement,dirt paths,"Bus, Taxi, Walking",N/A,Yes,month,good,other,"Maleria, Thyphoid, Cholera, Diarrhea",yes,more than 1 hour,no,Unknown,yes,Unknown,N/A
https://sdinet.org/settlement/1846/5136364,Ghana,Accra,RING WAY,1970,13-01-2018,History: OSU IS AN OLD TOWN WITH THE INDEPENDENCE SQUARE AND THE CASTLE,"Waterdrainage, Housing, Electricity, Sanitationsewage, Waterdrainage, Housing, Electricity, Sanitationsewage","1,250,000",3993,None,"declared, legal, protected",1,"500,Broken toilets:-499",0.616666667,Flush,700,2000,0.363194444,yes,25,1,Individual bins,tarred roads,"Bus, Taxi, Walking",20,Yes,N/A,N/A,N/A,MALARIA,yes,Unknown,N/A,Unknown,yes,Unknown,N/A
https://sdinet.org/settlement/1846/3082992,Ghana,Accra,Kanda,1892,4/3/2017,"History: The first settler Osman Mohammed  migrated from Zongo Lane (Cow lane) in Accra Central following development around the cattle market and moved to Adabraka. After a period of time, the place became developed forcing him to relocated to the current location. He named the place Kanda Ruga. Kanda is a name of a Yoruba from Nigeria who also lived and farm within the settlement. As the settlement developed during Nkrumah's era, the name Kanda dominated and became an official name of the settlement.","Sanitationsewage, Waterdrainage, Housing, Electricity, Other, Sanitationsewage, Waterdrainage, Housing, Electricity, Other","7,500",417,None,"declared, legal, protected",180,"180,Broken toilets:0",1:33,Flush,10,180,1:39,yes,90,1,Individual bins,dirt paths,"Motorbike, Bicycle, Walking",N/A,Yes,month,good,other,"Malaria, Cholera, Fever (cold), STIs",no,Unknown,no,Unknown,yes,Unknown,N/A
https://sdinet.org/settlement/1846/5122566,Ghana,Accra,DARKUMAN EAST,1970,10/10/2016,"History: A CHIEF CALLED DARKU WENT TO THE ASSINI'S TO ASK FOR LAND AND SETTLED THERE, HENCE THE NAME DARKUMAN","Waterdrainage, Waterdrainage, Other, Electricity, Waterdrainage, Waterdrainage, Waterdrainage, Other, Electricity, Waterdrainage",N/A,1654,medium,"declared, legal, protected",2,"2,Broken toilets:0",1:00,Flush,900,900,1:00,yes,45,1,Individual bins,dirt paths,"Bus, Taxi, Walking",N/A,Yes,year,average,year,"MALARIA, CHOLERA, FEVER, DIARRHOEA",yes,Unknown,N/A,Unknown,yes,Unknown,N/A
https://sdinet.org/settlement/1846/5146232,Ghana,Accra,KOMKOMLELE WEST,1940,11/10/2016,History: THIS COMMUNITY EMERGED AFTER THE SECOND WORLD DURING THE 1940s,"Waterdrainage, Sanitationsewage, Housing, Electricity, Other, Waterdrainage, Sanitationsewage, Housing, Electricity, Other","1,000",480,None,"declared, legal, protected",100,"100,Broken toilets:0",1:08,Flush,100,200,1:03,yes,60,2,Individual bins,dirt paths,"Bus, Taxi, Walking",N/A,N/A,N/A,N/A,N/A,"DIABETES, MALERIA, BLOOD PRESSURE",yes,Unknown,yes,more than 1 hour,yes,30 minutes,"Generalshops, Foodshops, Clothingshops, Furnitureshops, Mosques, Churches, Communications, Carrepair"
https://sdinet.org/settlement/1846/5131196,Ghana,Accra,SHIABU,1970,6/3/2017,History: ONE MAN CALLED OLY DADE IS BELIEVED TO BE THE FIRST SETTLER AT SHIAHU AROUND 1970s. GRADUALLY OTHERS JOINED HIM AND SHIABU BECAME A SETTLEMENT,"Waterdrainage, Other, Other, Housing, Landtenure, Waterdrainage, Other, Other, Housing, Landtenure","15,000",2105,None,"declared, legal, protected",1,"300,Broken toilets:-299",1:45,Flush,700,800,1:10,yes,30,1,Common area inside settlement,dirt paths,"Bus, Taxi, Walking",10,N/A,N/A,N/A,N/A,"CHOLERA, MALARIA, DIARRHEA, HEAT RUSHES",yes,Unknown,yes,more than 1 hour,yes,more than 1 hour,"Generalshops, Foodshops, Clothingshops, Furnitureshops, Mosques, Churches, Communications, Carrepair"
https://sdinet.org/settlement/1846/3634382,Ghana,Accra,SURAJ,1992,13-06-2019,History: TERRY THE LAND SOLD TO THE PEOPLE IN OSU CHIEFS WHICH WAS 1959/THEN PEOPLE CAME AND BOUGHT THE LAND,"Waterdrainage, Sanitationsewage, Landtenure, Housing, Electricity, Waterdrainage, Sanitationsewage, Landtenure, Housing, Electricity","70,000",456,None,"declared, legal, protected",N/A,NA,1:01,N/A,70,N/A,N/A,yes,75,1,Common area outside settlement,dirt paths,"Bus, Taxi, Walking",N/A,Yes,month,good,month,"MALARIA, DIABETTES, DIARRHEA",yes,15 minutes,N/A,Unknown,yes,more than 1 hour,"Generalshops, Foodshops, Mosques, Churches"
https://sdinet.org/settlement/1846/5126739,Ghana,Accra,ADWENBU,1956,10/10/2016,"History: Residents in the settlement normally go to a river for fishing and they get plenty mudfish. That is how they named the settlement ""adwenbu"" which means madfish in Ga.","Waterdrainage, Sanitationsewage, Electricity, Housing, Landtenure, Waterdrainage, Sanitationsewage, Electricity, Housing, Landtenure","87,500",6073,low,"declared, legal, protected",1,"1,Broken toilets:0","1:8,750",Flush,3500,500,1:22,yes,30,2,Common area inside settlement,dirt paths,"Bus, Taxi, Motorbike",N/A,Yes,month,good,N/A,"Malaria, Cholera, Skin rashes, Thyphiod",yes,Unknown,N/A,Unknown,yes,Unknown,N/A
https://sdinet.org/settlement/1846/5150951,Ghana,Accra,BLEMAGOR,1865,13-01-2018,History: THE LAND WAS FOR THE ASENE FAMILY AND THEY GAVE IT OUT TO THE FIRST MAN WHO SETTLED THERE WITH HIS FAMILY TO TRADE,"Waterdrainage, Sanitationsewage, Electricity, Housing, Waterdrainage, Sanitationsewage, Electricity, Housing","16,980",2293,None,"declared, legal, protected",200,"200,Broken toilets:0",0.090277778,Flush,500,500,1:19,yes,50,2,Common area inside settlement,tarred roads,"Bus, Taxi, Walking",3,Yes,month,good,month,"MALERIA, TYPHOID, SKIN RASHES, CHOLERA",yes,30 minutes,no,Unknown,no,Unknown,"Foodshops, Clothingshops, Furnitureshops, Mosques, Churches, Communications, Carrepair"
https://sdinet.org/settlement/1846/5136937,Ghana,Accra,ALAJO,1879,10/10/2016,History: THE SISALERS WERE THE FIRST PEOPLE WHO SETTLED THERE AND LATER OTHER TRIBE CAME IN TO SETTLED BUT THE ORIGINAL OWNERS OF THE LAND WAS THE GA,"Sanitationsewage, Waterdrainage, Landtenure, Housing, Electricity, Sanitationsewage, Waterdrainage, Landtenure, Housing, Electricity","60,000",20000,high,"declared, legal, protected",3000,"3000,Broken toilets:0",1:20,Flush,300,250,0.117361111,yes,80,1,Common area inside settlement,dirt paths,"Bus, Taxi, Walking",N/A,Yes,year,average,other,"MALERIA, TYPHOID, CHOLERA, BODY PAINS",yes,Unknown,no,Unknown,yes,30 minutes,N/A
https://sdinet.org/settlement/1846/5171200,Ghana,Ladma,ADOBETOR,1965,3/3/2017,"History: THE SETTLEMENT WAS A PLACE WHERE WARRIORS OF LA MET BEFORE GOING FOR WAR. IT WAS NAME AFTER A MAN CALLED ""ADDO"" WHO WAS THE ONLY PERSON LIVING THERE AS AT THAT TIME.","Sanitationsewage, Other, Waterdrainage, Sanitationsewage, Other, Waterdrainage","18,000",1796,None,"declared, legal, protected",2,"600,Broken toilets:-598",1:29,Flush,300,520,1:22,yes,60,2,Common area inside settlement,dirt paths,"Bus, Taxi, Walking",9,Yes,other,good,year,"MALARIA, TYPHOID, DIARRHEA",yes,more than 1 hour,yes,more than 1 hour,yes,more than 1 hour,N/A
https://sdinet.org/settlement/1846/5129339,Ghana,Accra,GBEBU,1901,8/10/2016,History: GBEBU WAS NAMED AFTER THE SETTLEMENT GBEGBEYESIE. GBEGBE WAS THE NAME OF THE RIVER AND THERE WAS A DEEP HOLE IN THE RIVER HENCE THE NAME GBEBU,"Sanitationsewage, Waterdrainage, Housing, Landtenure, Electricity, Sanitationsewage, Waterdrainage, Housing, Landtenure, Electricity","250,000",6106,None,"declared, legal, protected",200,"1,Broken toilets:199",0.727777778,N/A,1000,1000,0.128472222,yes,30,1,Common area inside settlement,tarred roads,"Bus, Taxi, Walking",N/A,Yes,month,good,month,"MALARIA, CHOLERA, SKIN RASHES, TYPHOID",yes,Unknown,N/A,Unknown,yes,Unknown,N/A
https://sdinet.org/settlement/1846/5136980,Ghana,Accra,ASYLUM DOWN,1800,10/10/2016,"History: THE FIRST SETTLERS WERE PEOPLE FROM BRASIL. THE LAND WAS GIVEN TO THEM BY ATUPKAI. LATER PEOPLE FROM OSU ALSO CAME TO SETTLE THERE. LATER IN 1910, EWES, FANTES, KWAHUS AND OTHER TRIBES ALSO CAME TO PURCHASE LAND AND BUILT THERE.","Waterdrainage, Electricity, Sanitationsewage, Housing, Landtenure, Waterdrainage, Electricity, Sanitationsewage, Housing, Landtenure","25,000",2745,None,"declared, legal, protected",1,"1,Broken toilets:0","1:12,500",Flush,1500,500,1:13,yes,50,1,Individual bins,tarred roads,"Car, Bicycle, Walking",10,Yes,N/A,average,N/A,"MALARIA, BODY PAIN, TYPHOID",yes,Unknown,N/A,Unknown,yes,Unknown,"Banks, Generalshops, Foodshops, Clothingshops, Churches, Communications, Carrepair"
https://sdinet.org/settlement/1846/2499055,Ghana,Ashaiman,AMUI DZOR,1950,2/3/2017,"History: AmuiDzorwas established in the 1950s. Individual indigenousGa groups called Amaa first settled in the community. The groups settled in Tema from Ada in the Eastern Region and finally moved to their present state. As part of their search for good land, they started rearing cattle in TsinaAgbe, which is a community near AmuiDzor. After discoveringAmuiDzor, the Amaa peoplestarted farming on the land. The name AmuiDzorliterally translates toAmuistream.","Landtenure, Waterdrainage, Sanitationsewage, Housing, Electricity, Landtenure, Waterdrainage, Sanitationsewage, Housing, Electricity",0,0,None,"declared, legal, protected",2,"2,Broken toilets:0",1:00,Flush,34,30,1:00,N/A,N/A,N/A,Common area inside settlement,tarred roads,"Car, Taxi, Walking",N/A,Yes,month,good,month,"Malaria,, Malaria,, Diarrhea",yes,Unknown,N/A,Unknown,no,Unknown,Generalshops
https://sdinet.org/settlement/1846/5171206,Ghana,Ladma,MANTIASEFISE,1985,3/3/2017,History: THERE WAS A ROCK HOLE FILLED WITH SPRING WATER. PEOPLE DID THEIR WASHING THERE BUT THE WATER WAS NOT SAFE FOR DRINKING AND SOMETIMES PEOPLE FISH IN THE WATER.,"Housing, Sanitationsewage, Waterdrainage, Housing, Sanitationsewage, Housing, Sanitationsewage, Waterdrainage, Housing, Sanitationsewage","12,500",3850,high,"declared, legal, protected",5,"5,Broken toilets:0",0.304861111,Pour flush,57,150,0.083333333,yes,100,2,Individual bins,dirt paths,"Bus, Taxi, Walking",1,Yes,month,good,month,"MALARIA, CHOLERA, TYPHOID",yes,Unknown,no,Unknown,no,Unknown,N/A
https://sdinet.org/settlement/1846/5139251,Ghana,Ga East,DOME EAST,1970,4/3/2017,"History: THE FIRST SETTLER WAS NII AHENE FROM ONORMORKOR ADDAIN FAMILY WHO WAS A HUNTER AND A FARMER.THEN NOMO WUWIA FROM THE NORTHERN PART OF THE COUNTRY,GRUSHIE WAS A SLAVE AND THROUGH SLAVERY HE FOUND HIMSELF IN ACCRA.","Waterdrainage, Sanitationsewage, Landtenure, Housing, Waterdrainage, Waterdrainage, Sanitationsewage, Landtenure, Housing, Waterdrainage",0,4010,None,"declared, legal, protected",40,"40,Broken toilets:0",1:00,Flush,10,N/A,1:00,yes,50,1,Individual bins,gravel roads,"Bus, Car, Train",50,Yes,other,good,other,N/A,N/A,Unknown,N/A,Unknown,N/A,Unknown,N/A
https://sdinet.org/settlement/1846/5136292,Ghana,Accra,MABROUK,1918,13-01-2018,"History: The first settlers were Ga's who became Muslims moved from sukura to a new location or settlement and named it ""mambrouk"" which means congratulations.","Waterdrainage, Electricity, Waterdrainage, Housing, Other, Waterdrainage, Electricity, Waterdrainage, Housing, Other","8,500",5395,None,"declared, legal, protected",1,"350,Broken toilets:-349",1:08,Pour flush,200,500,1:12,yes,10,2,Common area inside settlement,tarred roads,"Bus, Taxi, Walking",20,Yes,other,good,year,"Malaria, Cholera, Typhoid",yes,Unknown,no,Unknown,yes,Unknown,N/A
https://sdinet.org/settlement/1846/5121728,Ghana,Accra,EAST LEGON,1939,10/10/2016,History: THE AREA WAS KNOWN  AS SAND-WINNING SITE WHICH THE NAME SHIA SHIE WAS DERIVED FROM IT. THE NAME IS  FROM THE GA LANGUAGE,"Sanitationsewage, Waterdrainage, Electricity, Housing, Other, Sanitationsewage, Waterdrainage, Electricity, Housing, Other","125,000",6660,medium,"declared, legal, protected",1,"2500,Broken toilets:-2499",1:47,Flush,200,300,0.215277778,yes,45,1,Common area outside settlement,N/A,"Bus, Taxi, Walking",N/A,Yes,other,good,month,"MALARIA, TYPHOID, CHOLERA, SKIN RASHES",yes,Unknown,N/A,Unknown,yes,Unknown,N/A
https://sdinet.org/settlement/1846/5126991,Ghana,Accra,OPETEKWEI,1950,13-01-2018,History: THE FIRST SETTLER WAS A FARMER. HE SETTLED THERE FOR FARMING PURPOSES.,"Waterdrainage, Sanitationsewage, Waterdrainage, Waterdrainage, Landtenure, Waterdrainage, Sanitationsewage, Waterdrainage, Waterdrainage, Landtenure","6,000",4500,None,"declared, legal, protected",70,"70,Broken toilets:0",1:35,N/A,N/A,N/A,N/A,yes,N/A,2,Common area inside settlement,N/A,"Bus, Taxi, Walking",N/A,Yes,never,good,never,"MALARIA, CHOLERA, PNEUMONIA, FEVER",yes,Unknown,N/A,Unknown,N/A,Unknown,"Foodshops, Clothingshops, Furnitureshops, Mosques, Churches, Communications, Carrepair"
https://sdinet.org/settlement/1846/15080768,Ghana,Accra,ADABRAKA,1839,3/5/2017,"History: The people of Atukpai migrated to Briscoe in 1839 due to an earth quake. Briscoe was an area that was being developed by the whites into big departmental shops hence the people moved to their current located called Adabraka. The people were traders who sells sheep. Usually people who came to buy sheep always ask of reduction of price in huase which ""Al baraka"" The Ga's could not pronounce it well and were saying Adabraka","Sanitationsewage, Waterdrainage, Landtenure, Housing, Other, Sanitationsewage, Waterdrainage, Landtenure, Housing, Other","56,000",2356,medium,"declared, legal, protected",1,"200,Broken toilets:-199",0.138194444,Flush,1200,1050,1:45,yes,60,7,Disorganized deposit,dirt paths,"Bus, Train",10,Yes,month,good,month,"Malaria, Cholera, Skin rashes",yes,Unknown,yes,Unknown,yes,Unknown,N/A
https://sdinet.org/settlement/1846/5152966,Ghana,Accra,ANOMULEY,1943,9/10/2016,History: THE SOUND OF A BELL,"Other, Waterdrainage, Electricity, Sanitationsewage, Housing, Other, Waterdrainage, Electricity, Sanitationsewage, Housing","18,000",2070,None,"declared, legal, protected",2,"2,Broken toilets:0",0.458333333,Flush,2,650,1:28,yes,40,1,Common area inside settlement,gravel roads,"Bus, Taxi, Walking",3,N/A,month,average,month,"MALARIA, CHOLERA",N/A,Unknown,N/A,Unknown,yes,Unknown,N/A
https://sdinet.org/settlement/1846/3596561,Ghana,N/A,555 MASSALACHI,1960,4/7/2018,History: ALHAJI NOGA AND ALHAJI SINARU THAT SETTLED IN 55,"Waterdrainage, Sanitationsewage, Electricity, Landtenure, Other, Waterdrainage, Sanitationsewage, Electricity, Landtenure, Other","28,800",720,None,"declared, legal, protected",1,"1,Broken toilets:0","1:1,252",Flush,30,45,0.308333333,yes,100,1,Individual bins,dirt paths,"Taxi, Motorbike, Walking",3,Yes,other,bad,never,"MALARIA, CHOLERA, CHICKEN POX, FEVER",yes,Unknown,N/A,Unknown,yes,30 minutes,N/A
https://sdinet.org/settlement/1846/5131720,Ghana,Accra,KORLE BU,1970,9/10/2016,"History: KORLE IS THE NAME OF THE STREAM. BU MEANS VALLEY, SO KORLE'S VALLEY","Waterdrainage, Sanitationsewage, Electricity, Landtenure, Landtenure, Waterdrainage, Sanitationsewage, Electricity, Landtenure, Landtenure",900,275,high,"declared, legal, protected",1,"1,Broken toilets:0",1:56,Flush,100,150,1:06,yes,30,2,Common area inside settlement,tarred roads,"Bus, Taxi, Walking",6,Yes,month,bad,N/A,"MALARIA, CHICKEN POX, CHOLERA, MEASLES",yes,Unknown,yes,Unknown,yes,Unknown,N/A
https://sdinet.org/settlement/1846/3596565,Ghana,N/A,NII SAKI,1955,4/7/2018,History: THE KORLE WAY MEMBERS WERE HAVING PROBLEMS WHICH THERE WAS NO MONEY TO BILL THEM SO NII SAKI PAID IT FOR THEM BUT LATER DIDNT GET MONEY TO PAY HIM SO THEY ASKED HIM TO SELL THEIR LAND TO USE THE MONIEY TO SETTLE THEIR DEBT,"Waterdrainage, Sanitationsewage, Waterdrainage, Sanitationsewage, Electricity, Waterdrainage, Sanitationsewage, Waterdrainage, Sanitationsewage, Electricity","201,600",2125,None,"declared, legal, protected",2,"450,Broken toilets:-448",0.352777778,Flush,600,N/A,0.275,yes,20,1,Disorganized deposit,dirt paths,"Bus, Bicycle, Walking",2,Yes,never,good,never,"MALARIA, CHOLERA, DIARRHEA",yes,Unknown,N/A,Unknown,yes,30 minutes,"Generalshops, Churches"
https://sdinet.org/settlement/1846/5121937,Ghana,Accra,mallam atta,1939,5/7/2018,History: The land was for the ga and was giving to this man call mallam atta who settled there with his family and started trading.,"Waterdrainage, Sanitationsewage, Electricity, Other, Waterdrainage, Sanitationsewage, Electricity, Other","22,200",7956,None,"declared, legal, protected",1,"40,Broken toilets:-39",0.392361111,Flush,10,40,0.35,yes,90,1,Common area inside settlement,tarred roads,"Bus, Taxi, Walking",1,Yes,month,good,month,"Maleria, Cholera, Stomach pains, Cough",yes,Unknown,yes,more than 1 hour,yes,Unknown,"Generalshops, Informalmarkets, Foodshops, Clothingshops, Furnitureshops, Mosques, Churches"
https://sdinet.org/settlement/1846/5153102,Ghana,Accra,NII BOIMAN,1965,9/10/2016,History: IT WAS A BUSHY AREA WHEN THE CHIEF SETTLED FIRST.A MAN OPEN A VIDEO CENTER IN THIS AREA WHERE IT GRADUALLY DEVELOPED TO A TOWN,"Other, Waterdrainage, Sanitationsewage, Housing, Other, Waterdrainage, Sanitationsewage, Housing","25,000",9700,None,"declared, legal, protected",150,"150,Broken toilets:0",0.138194444,Flush,8000,8000,1:03,yes,60,1,Individual bins,dirt paths,"Bus, Taxi, Walking",3,Yes,week,good,month,"CHOLERA, FEVER, MALERIA, TYPHOID",yes,Unknown,yes,30 minutes,yes,30 minutes,N/A
https://sdinet.org/settlement/1846/16841372,Ghana,Accra,Awoshie Kwashiebu,1960,16-08-2016,History: Thus given the settlement the name Awoshie. There was also a stone quarry there which left a big hole there and a man named Kwashie discovered it thus given the community that name.,"Waterdrainage, Electricity, Other, Other, Waterdrainage, Electricity, Other, Other","145,000",37088,None,"declared, legal, protected",1,"9000,Broken toilets:-8999",1:10,Flush,10000,5000,1:10,yes,30,2,Disorganized deposit,dirt paths,"Taxi, Motorbike, Bicycle",N/A,Yes,month,average,year,"Malaria, Typhoid, Skin rasher, Cholera",yes,Unknown,N/A,Unknown,yes,Unknown,"Banks, Foodshops, Clothingshops, Furnitureshops, Mosques, Churches, Communications, Carrepair"
https://sdinet.org/settlement/1846/9015532,Ghana,Accra,ABOSSEY OKAI,1970,3/10/2016,"History: ""The first settler was called Nii Abossey and his brother was also called Okai so they named the settlement after them 
""""Abossey Okai""""""","Sanitationsewage, Housing, Waterdrainage, Landtenure, Electricity, Sanitationsewage, Housing, Waterdrainage, Landtenure, Electricity","75,000",5038,None,"declared, legal, protected",100,"100,Broken toilets:0",0.118055556,Flush,-3,500,0.145833333,yes,40,7,Individual bins,tarred roads,"Bus, Taxi, Motorbike",N/A,Yes,month,good,month,"MALARIA, CHOLERA",yes,Unknown,no,Unknown,no,Unknown,N/A
https://sdinet.org/settlement/1846/5171212,Ghana,Ladma,LABONE,1930,15-12-2017,"History: ""JUBILEE"" A NAME OF A SMALL WELL, WAS A SHRINE FOR THE PEOPLE OF LA WHERE THEY VISITED ANY TIME THERE WAS A FESTIVAL (HOMOWO). THEY GO THERE TO PERFORM RITUALS TO THE GODS","Sanitationsewage, Other, Electricity, Landtenure, Other, Sanitationsewage, Other, Electricity, Landtenure, Other","12,000",1466,None,"declared, legal, protected",4,"4,Broken toilets:0",0.636805556,Flush,6000,4000,1:03,yes,40,5,Common area inside settlement,gravel roads,"Bus, Taxi, Walking",6,Yes,year,average,year,"MALARIA, FEVER, DIABETES",yes,Unknown,N/A,Unknown,yes,30 minutes to 1 hour,N/A
https://sdinet.org/settlement/1846/3634505,Ghana,Accra,BASE TEN(10),1970,5/7/2018,History: Not stated,"Waterdrainage, Sanitationsewage, Sanitationsewage, Waterdrainage, Sanitationsewage, Waterdrainage, Sanitationsewage, Sanitationsewage, Waterdrainage, Sanitationsewage","4,500",860,None,"declared, legal, protected",170,"170,Broken toilets:0",1:26,Chemical,40,30,0.09375,yes,60,1,Disorganized deposit,tarred roads,"Bus, Motorbike, Walking",N/A,Yes,year,N/A,month,"MALARIA, CHOLERA, DIRRHEA, THYFORD",N/A,Unknown,N/A,Unknown,no,Unknown,"Foodshops, Furnitureshops, Churches, Communications"
https://sdinet.org/settlement/1846/5122299,Ghana,Accra,DARKUMAN WEST,1958,10/10/2016,History: THE FIRST SETTLER OF THE PLACE IS MR. ATTA DARKO. AS THE PLACE BEGAN TO DEVELOP THE NAME OF THE FIRST SETTLER WAS USED. THE NAME DARKOMAN MEANS DARKO'S TOWN,"Sanitationsewage, Waterdrainage, Electricity, Housing, Waterdrainage, Sanitationsewage, Waterdrainage, Electricity, Housing, Waterdrainage","60,000",14090,None,"declared, legal, protected",2,"7000,Broken toilets:-6998",1:09,Flush,2502,2002,1:30,yes,N/A,1,Individual bins,tarred roads,"Bus, Car, Taxi",7,Yes,month,good,week,"MALARIA, TYPHOID",yes,Unknown,N/A,Unknown,yes,Unknown,N/A
https://sdinet.org/settlement/1846/2491371,Ghana,Ashaiman,Ashaiman new town,1977,2/3/2017,"History: The community was established in 1977 by Richard AmakaAhwiren. Mr. Ahwirenmigrated from AkuapimAburi, which is located in the Eastern region. The name Ashaiman New Town was formedthrough a consultative discussionincluding the first settler, the chief of Ashaiman, and the larger community. This process sought to avoid confusion with the preceding community of Moni-Obaanye.","Waterdrainage, Electricity, Sanitationsewage, Housing, Waterdrainage, Electricity, Sanitationsewage, Housing",0,4226,None,"declared, legal, protected",N/A,NA,1:01,N/A,N/A,N/A,N/A,yes,N/A,N/A,N/A,N/A,"Bus, Car, Taxi",N/A,Yes,N/A,N/A,N/A,N/A,N/A,Unknown,N/A,Unknown,N/A,Unknown,N/A
https://sdinet.org/settlement/1846/16766049,Ghana,Accra,Apenkwa/Mantseman,1850,14-06-2017,History: N/A,"Waterdrainage, Sanitationsewage, Housing, Landtenure, Electricity, Waterdrainage, Sanitationsewage, Housing, Landtenure, Electricity","10,000",1106,None,"declared, legal, protected",20,NA,1:27,N/A,50,50,0.111111111,yes,20,2,Individual bins,dirt paths,"Bus, Taxi, Walking",2,Yes,year,good,month,"Malaria, Typhoid, Skin rashes, Blood pressure",yes,15 minutes,N/A,Unknown,yes,more than 1 hour,"Foodshops, Furnitureshops, Churches, Communications, Carrepair"
https://sdinet.org/settlement/1846/15082576,Ghana,Accra,Maamobi,1925,3/5/2017,History: A famer stayed called alhamdu and named first named it alhamdu,"Sanitationsewage, Waterdrainage, Housing, Landtenure, Other, Sanitationsewage, Waterdrainage, Housing, Landtenure, Other","42,000",6800,None,"declared, legal, protected",1,"1,Broken toilets:0","1:3,818",Flush,200,400,0.094444444,yes,30,"""0""",Common area inside settlement,gravel roads,"Bus, Motorbike, Walking",N/A,N/A,N/A,N/A,N/A,"Malaria, Cholera, Skin Diseases, Measles",yes,Unknown,yes,Unknown,yes,Unknown,N/A
https://sdinet.org/settlement/1846/3634191,Ghana,Accra,CARPRICE,1970,1/3/2017,History: THERE WERE BUSHES AROUND THIS PLACE BUT THEY ALL STAYED AT DIFFERENT PLACES BUT THEY USED TO COME TO THE PLACE FOR MEETING,"Sanitationsewage, Waterdrainage, Sanitationsewage, Waterdrainage","15,000",411,high,"declared, legal, protected",1,"180,Broken toilets:-179",1:50,Flush,28,252,1:54,yes,10,7,Common area inside settlement,dirt paths,"Bus, Taxi, Walking",N/A,N/A,N/A,N/A,N/A,"OBESITY, FEVER, MALARIA",no,Unknown,no,Unknown,yes,15 minutes,"Generalshops, Foodshops, Clothingshops, Furnitureshops, Churches, Communications, Carrepair"
https://sdinet.org/settlement/1846/3082398,Ghana,Accra,NIMA EAST,1970,10/10/2016,History: After the fuuta family have aquired the land people who trade from all of west africa to ghana come to nima to find shelter.,"Sanitationsewage, Waterdrainage, Housing, Electricity, Sanitationsewage, Waterdrainage, Housing, Electricity","160,000",4746,None,"declared, legal, protected",1,"200,Broken toilets:-199",0.190972222,Flush,9000,7000,1:23,yes,40,2,Common area inside settlement,tarred roads,"Car, Motorbike, Walking",10,Yes,week,average,year,"Malaria, Choreka, Typhoid, Hypertention",yes,Unknown,yes,Unknown,no,Unknown,N/A
https://sdinet.org/settlement/1846/5131601,Ghana,Accra,KOKOMLEMLE EAST,1930,28-02-2017,History: THE EARLIER SETTLERS WERE WHITE MEN AND LATER OTHER SETTLERS MIGRATED FROM ACCRA NEW TOWN TO SETTLED THERE,"Waterdrainage, Sanitationsewage, Housing, Waterdrainage, Electricity, Waterdrainage, Sanitationsewage, Housing, Waterdrainage, Electricity",150,45,None,"declared, legal, protected",11,"11,Broken toilets:0",1:07,Pour flush,6,1,1:19,yes,30,1,Common area outside settlement,tarred roads,"Bus, Taxi, Walking",N/A,Yes,month,good,month,"MALERIA, WHITE, TYPHOID, CHOLERA",yes,30 minutes,no,Unknown,yes,30 minutes to 1 hour,"Generalshops, Foodshops, Furnitureshops, Mosques, Churches, Carrepair"
https://sdinet.org/settlement/1846/5130031,Ghana,Accra,SABON ZONGO,1907,8/10/2016,"History: Mallam Boko was the first to settle on the land and later people came to join him and they named the place ""sabon zongo""","Waterdrainage, Sanitationsewage, Electricity, Housing, Landtenure, Waterdrainage, Sanitationsewage, Electricity, Housing, Landtenure","42,000",12618,None,"declared, legal, protected",2,"2,Broken toilets:0",0.636805556,Flush,4012,4008,1:09,yes,40,3,Individual bins,tarred roads,"Bus, Taxi, Motorbike",8,Yes,week,good,month,"Malaria, Cholera, Skin rashes",yes,Unknown,no,Unknown,no,Unknown,N/A
https://sdinet.org/settlement/1846/5153287,Ghana,Accra,GBEMOMO,1970,9/10/2016,History: THE LAND WAS GIVEN TO LATE ALHAJI MUKTAR ABBAS BY KWAME NKRUMAH WHEN THEY WERE RELOCATED OLD FADAMA'' PRESENT DAY AGBOGLOSHIE''. FADAMA MEANS '' WATERLOGGED''.,"Sanitationsewage, Waterdrainage, Housing, Electricity, Landtenure, Sanitationsewage, Waterdrainage, Housing, Electricity, Landtenure","7,000",2605,None,"declared, legal, protected",800,"800,Broken toilets:0",1:05,Flush,1,1000,1:07,yes,25,N/A,Common area outside settlement,gravel roads,"Bus, Taxi, Walking",10,Yes,never,good,other,MALARIA,yes,Unknown,no,Unknown,yes,30 minutes to 1 hour,N/A
https://sdinet.org/settlement/1846/5141729,Ghana,Accra,BUBII,1970,9/10/2016,"History: BuBII is noted for one of the popular senior high schools in ghana such as Accra Academy, mitsubushi, atico, kokompe and kaneshie","Waterdrainage, Sanitationsewage, Landtenure, Housing, Landtenure, Waterdrainage, Sanitationsewage, Landtenure, Housing, Landtenure","120,000",10966,None,"declared, legal, protected",1,"20,Broken toilets:-19","1:1,500",Flush,2504,2500,1:27,yes,25,1,Common area inside settlement,dirt paths,"Bus, Taxi, Motorbike",5,Yes,year,good,week,"MALARIA, FEVER, COUGHING",yes,Unknown,no,Unknown,yes,Unknown,N/A
https://sdinet.org/settlement/1846/5135745,Ghana,Accra,AMANTRA,1827,10/7/2018,History: AS A RESULT OF WAR THE ELDERS THOUGHT THEY COULD FIND A PEACEFUL LAND TO SETTLE. THE FIRST SETTLER OF THAT PEACEFUL LAND WAS AMANTRA,"Waterdrainage, Landtenure, Sanitationsewage, Housing, Electricity, Waterdrainage, Landtenure, Sanitationsewage, Housing, Electricity","6,600",5700,medium,"declared, legal, protected",1,"15,Broken toilets:-14",0.211111111,Flush,500,92,1:11,yes,30,1,Individual bins,tarred roads,"Bus, Taxi, Walking",10,Yes,month,average,month,"MALARIA, FEVER",yes,30 minutes,no,Unknown,yes,Unknown,N/A
https://sdinet.org/settlement/1846/16448757,Ghana,Accra,Amantra,1827,13-01-2018,"History: Grand fathers used to fight wars and led to migration to secure a peaceful land for settlement. A brother was given this land to his sibling to settle on. thus the name "" Amantra"" settle after tiredness","Waterdrainage, Landtenure, Sanitationsewage, Housing, Waterdrainage, Landtenure, Sanitationsewage, Housing","6,600",5719,medium,N/A,1,"15,Broken toilets:-14",0.2,Flush,500,92,1:17,yes,30,1,Disorganized deposit,tarred roads,"Taxi, Motorbike, Walking",10,Yes,year,average,week,"Malaria, Fever, Stomach ache, Headache",yes,30 minutes,yes,30 minutes,yes,more than 1 hour,N/A
https://sdinet.org/settlement/1846/5193260,Ghana,Accra,ABOFO,1918,9/10/2016,History: DURING THE 1918 OUR GRAND FATHERS CAME FROM AKUAPIAM AND GBESE TO SETTLED HERE.THE LAND ORIGINAL  WERE FOR THE ASENE STOOL LAND.,"Sanitationsewage, Waterdrainage, Housing, Electricity, Landtenure, Sanitationsewage, Waterdrainage, Housing, Electricity, Landtenure","32,214",24638,None,"declared, legal, protected",110,"110,Broken toilets:0",0.211111111,Flush,700,1000,1:19,yes,30,2,Common area outside settlement,gravel roads,"Bus, Taxi, Walking",15,Yes,week,good,week,"CHOLERA, MALERIA, SKIN RASHES, HIV/AIDS",yes,Unknown,yes,Unknown,yes,Unknown,N/A
https://sdinet.org/settlement/1846/5119973,Ghana,Accra,MAMPROBI,1809,10/10/2016,"History: MAMPROBI HAS ITS ORIGINAL NAME FROM FANTE LANGUAGE WHICH MEANS BURIAL GROUND (OMANPROBI). THE CHIEF NII TETTEH KPELIE I,  WITH BOTH SUBJECTS FROM ACCRA CENTRAL AND KORLE-GONOR MIGRATED TO ESTABLISH THE THEN NEW SITE, MAMPROBI.","Sanitationsewage, Waterdrainage, Sanitationsewage, Waterdrainage, Electricity, Sanitationsewage, Waterdrainage, Sanitationsewage, Waterdrainage, Electricity","50,000",3524,None,"declared, legal, protected",1,"700,Broken toilets:-699",1:33,Flush,7000,500,1:07,yes,N/A,2,Individual bins,tarred roads,"Bus, Taxi, Walking",10,Yes,N/A,average,month,"MALARIA, TYPHOID, HEPATITIS B, STOMACH ULCER",yes,Unknown,yes,Unknown,yes,more than 1 hour,N/A
https://sdinet.org/settlement/1846/2501958,Ghana,Ashaiman,LIGHT INDUSTRIAL AREA,1960,2/3/2017,"History: Light Industrial Area was established by a woman called Kai from Tema New Town in 1960. Upon her arrival, she established a garden purposely for rearing pigs.pigs. She was given the name Kai Abom, which means Kai�s garden.","Landtenure, Other, Housing, Other, Other, Landtenure, Other, Housing, Other, Other","15,000",5569,None,"declared, legal, protected",20,"20,Broken toilets:0",0.5625,Flush,11,5,"1:1,000",yes,N/A,3,Common area inside settlement,dirt paths,"Bus, Car, Walking",N/A,Yes,month,N/A,month,Malaria,no,Unknown,no,Unknown,no,Unknown,N/A
https://sdinet.org/settlement/1846/275847,Ghana,Accra,Shukura Mabrouk,1970,6/7/2018,"History: The name Shukura means (�Thanks) in arabic, the community started in around 1960 when the land was gifted to the first chief of the area Amadu Tia by the Sempe tool and hence in appreciation he named the place Shukura thus thanking the Sempe tool for gifting him the land. The first chief came from Zongo which is a neighbouring community of Shukura. The community has passed through five successive chiefs and the current chief of the area is now Mr. Ibrahim Dantani.","Sanitationsewage, Waterdrainage, Housing, Electricity, Other, Sanitationsewage, Waterdrainage, Housing, Electricity, Other","3,101",6016,None,"declared, legal, protected",N/A,NA,1:08,N/A,290,94,1:10,yes,45,2,Common area inside settlement,gravel roads,"Bus, Motorbike, Walking",6,Yes,month,good,other,"Malaria, Cholera, Skin Disease, STDs",yes,Unknown,no,Unknown,yes,Unknown,N/A
https://sdinet.org/settlement/1846/5135797,Ghana,Accra,forster,1972,5/7/2018,History: The settlement got it name from that popular school call foster,"Waterdrainage, Sanitationsewage, Housing, Electricity, Waterdrainage, Waterdrainage, Sanitationsewage, Housing, Electricity, Waterdrainage","1,250",108,None,"declared, legal, protected",3,"3,Broken toilets:0",1:32,Flush,30,40,1:18,yes,70,32,Common area outside settlement,tarred roads,"Taxi, Walking",N/A,Yes,month,good,month,"MALERIA, SKINE DISEASES, CHOLERA, TYPHOID",yes,Unknown,yes,15 minutes,yes,Unknown,"Generalshops, Foodshops, Clothingshops, Furnitureshops, Mosques, Communications, Carrepair"
https://sdinet.org/settlement/1846/5185027,Ghana,Accra,ACHIMOTA,1970,9/10/2016,History: THE PEOPLE ARE FROM ABOOFU NEAR THE FOREST.PEOPLE DIED BECAUSE OF WILD ANIMALS FROM THE FOREST SO THEY MOVE TO SETTLED IN ACHIMOTA.,"Waterdrainage, Sanitationsewage, Electricity, Other, Housing, Waterdrainage, Sanitationsewage, Electricity, Other, Housing","24,000",4576,None,"declared, legal, protected",700,"700,Broken toilets:0",1:31,Flush,150,500,1:40,yes,40,7,Individual bins,tarred roads,"Bus, Taxi, Walking",N/A,Yes,week,good,year,"MALERIA, CHOLRERA",yes,Unknown,yes,Unknown,yes,Unknown,N/A
https://sdinet.org/settlement/1846/9029064,Ghana,Accra,AWUDOME,1953,13-01-2018,History: AWUDOME IS TOWN IN VOLTA REGION WHICH PEOPLE CAME FROM THERE TO SETTLE ON THE LAND 1953 AROUND THE KANESHIE SPORT COMPLEX (LEFT SIDE)  AND THEY WERE THE FIRST PEOPLE TO SETTLE ON IT. ALSO THEY DEAL IN SELLING GOATS AND SHEEP TO THE PEOPLE WHO CAME AROUND WHICH THEY NAME THE PLACE AWUDOME.,"Sanitationsewage, Waterdrainage, Other, Other, Electricity, Sanitationsewage, Waterdrainage, Other, Other, Electricity","7,200",5750,None,"declared, legal, protected",3,"3,Broken toilets:0",0.375,Flush,3500,3500,1:02,yes,60,1,N/A,gravel roads,"Bus, Taxi, Walking",6,N/A,N/A,N/A,N/A,"MALARIA, DIARRHEOA, FEVER, CHOLERA",yes,Unknown,N/A,Unknown,yes,Unknown,"Foodshops, Furnitureshops, Mosques, Churches, Carrepair"
https://sdinet.org/settlement/1846/5125912,Ghana,Accra,WEST LEGON,1991,10/10/2016,"History: THE PLACE WAS OWN BY OWOO FAMILY, WHICH WAS LATER PURCHASED BY SIC","Sanitationsewage, Waterdrainage, Housing, Sanitationsewage, Landtenure, Sanitationsewage, Waterdrainage, Housing, Sanitationsewage, Landtenure","6,000",15300,None,"declared, legal, protected",3,"3,Broken toilets:0","1:1,200",Flush,1000,2000,1:02,yes,N/A,1,Common area outside settlement,dirt paths,"Bus, Taxi, Motorbike",10,Yes,year,good,other,"MALARIA, CHOLERA, THYPOID, COMMON COLD",no,Unknown,no,Unknown,yes,Unknown,N/A
https://sdinet.org/settlement/1846/5141322,Ghana,Accra,MUKOSE,1960,10/10/2016,"History: The first people to settle on the land found a lake and valley behind it so they named it ""mukose"" meaning behind the lake and valley.","Sanitationsewage, Waterdrainage, Electricity, Landtenure, Housing, Sanitationsewage, Waterdrainage, Electricity, Landtenure, Housing","54,000",2156,None,"declared, legal, protected",1,"1,Broken toilets:0","1:18,000",Flush,800,400,1:45,yes,11,1,Individual bins,dirt paths,"Bus, Taxi, Motorbike",N/A,Yes,year,N/A,week,"Malaria, Skin rashes, High blood pressure",yes,30 minutes,N/A,Unknown,N/A,Unknown,"Foodshops, Clothingshops, Furnitureshops, Mosques, Churches, Communications, Carrepair"
https://sdinet.org/settlement/1846/5131202,Ghana,Accra,GBORTSUI,1920,8/10/2016,History: THE PEOPLE OF GBORTSI CAME FROM A STOOL HOUSE,"Waterdrainage, Sanitationsewage, Electricity, Housing, Landtenure, Waterdrainage, Sanitationsewage, Electricity, Housing, Landtenure","144,000",5000,None,"declared, legal, protected",2,"100,Broken toilets:-98","1:1,371",Flush,50,200,0.441666667,yes,20,1,Common area inside settlement,gravel roads,"Bus, Taxi, Motorbike",N/A,N/A,N/A,N/A,N/A,N/A,N/A,Unknown,N/A,Unknown,N/A,Unknown,"Informalmarkets, Foodshops, Furnitureshops, Mosques, Churches, Carrepair"
https://sdinet.org/settlement/1846/5131611,Ghana,Accra,SABON ZONGO ESTATE,1930,13-01-2018,History: MOSTLY BUILT FOR THE SABON ZONGO INHABITANTWHO REFUSE TO SETTLE IN THE ESTATE HOUSE AND WAS DIRECTED TO PUBLIC WORKERS BUILT BY THE ESTATE HOUSING CO-OPERATION.,"Other, Other, Sanitationsewage, Other, Waterdrainage, Other, Other, Sanitationsewage, Other, Waterdrainage","13,600",860,None,"declared, legal, protected",1,"125,Broken toilets:-124",0.090972222,Flush,80,300,1:36,yes,N/A,N/A,Individual bins,tarred roads,"Bus, Car, Taxi",N/A,Yes,month,good,month,"MALARIA, TUBERCLOSIS, ASTHMA",yes,Unknown,N/A,Unknown,yes,Unknown,N/A
https://sdinet.org/settlement/1846/5126635,Ghana,Accra,KORLE GONNO,1800,13-01-2018,"History: THERE WAS DISEASE OUTBREAK AT THE TIME AND THE CHIEF OF THE TOWN GAVE ODER THAT THE PEOPLE SHOULD MOVE AND SETTLE AT THE UPPER PART OF THE KORLE LAGOON, HENCE THE NAME KORLE GONNO","Waterdrainage, Sanitationsewage, Electricity, Landtenure, Landtenure, Waterdrainage, Sanitationsewage, Electricity, Landtenure, Landtenure","7,500",6420,high,"declared, legal, protected",1,"700,Broken toilets:-699",1:11,Flush,100,500,1:13,yes,N/A,2,Common area inside settlement,tarred roads,"Bus, Taxi, Walking",N/A,Yes,month,N/A,N/A,"MALARIA, CHICKEN POX, CHOLERA, MEASLES",yes,Unknown,yes,Unknown,yes,Unknown,N/A
https://sdinet.org/settlement/1846/5131539,Ghana,Accra,OTATAIN,1834,1/3/2017,History: SOME GODS WERE PUT THERE. THE AREA LATER DEVELOPED AND BECAME THE RESIDENCE OF OF SOME MINISTERS AND DR. BUSIA,"Waterdrainage, Sanitationsewage, Other, Landtenure, Electricity, Waterdrainage, Sanitationsewage, Other, Landtenure, Electricity",0,10015,None,"declared, legal, protected",3,NA,1:00,Flush,8,8,1:00,yes,20,1,N/A,N/A,"Bus, Taxi",10,Yes,month,good,N/A,"BP, MALARIA, CHOLERA, DIARRHOA",yes,Unknown,N/A,Unknown,N/A,Unknown,N/A
https://sdinet.org/settlement/1846/5122138,Ghana,Accra,AMAMOMO,1970,3/3/2017,History: Some people came to settle on a land which was already occupied so they move to a new settlement and named it Amamomo,"Sanitationsewage, Waterdrainage, Landtenure, Other, Sanitationsewage, Sanitationsewage, Waterdrainage, Landtenure, Other, Sanitationsewage","280,000",150120,None,"undeclared, illegal, unprotected",10,"10,Broken toilets:0","1:7,000",Flush,270,30,0.689583333,yes,30,1,Individual bins,tarred roads,"Bus, Taxi, Motorbike",N/A,Yes,never,good,never,"Malaria, Thyphoid fever",yes,Unknown,N/A,Unknown,yes,30 minutes,N/A
https://sdinet.org/settlement/1846/3634311,Ghana,accra,RAACO DOWN,1954,5/7/2018,History: LAND BELONGS TO GBESE STOOL WHICH WAS LED BY MR. AYIDIKI WHO FIRST,"Sanitationsewage, Waterdrainage, Waterdrainage, Sanitationsewage, Landtenure, Sanitationsewage, Waterdrainage, Waterdrainage, Sanitationsewage, Landtenure","4,000",120,None,"declared, legal, protected",2,NA,1:01,Flush,6,N/A,N/A,yes,45,2,Common area outside settlement,dirt paths,"Car, Taxi",3,Yes,never,N/A,N/A,"MALARIA, CHOLERA",yes,30 minutes,N/A,Unknown,yes,30 minutes,"Furnitureshops, Carrepair"
https://sdinet.org/settlement/1846/5153297,Ghana,Accra,GONTENG,1970,9/10/2016,History: THE LAND BELONGS TO PICA DAILY . A FORMER PRIME MINISTER CALLED ACHIEAMPONG LEASED THE LAND TO HIM FOR 50%. THE PLACE IS CALLED FOVEYOR. THE LAND BELONG TO THE GBESSY. THE ASSINS GAVE THE LAND TO THE GBESSY.,"Waterdrainage, Sanitationsewage, Housing, Electricity, Landtenure, Waterdrainage, Sanitationsewage, Housing, Electricity, Landtenure","12,000",4180,None,"declared, legal, protected",10,"10,Broken toilets:0",0.458333333,Flush,100,100,0.125,yes,8,3,Individual bins,gravel roads,"Bus, Car, Taxi",N/A,N/A,N/A,N/A,N/A,"MALARIA, CHOLERA, FEVER, DIARRHOEA",yes,Unknown,no,Unknown,yes,Unknown,"Playground, Banks, Generalshops, Clothingshops, Furnitureshops, Mosques, Churches, Carrepair"
https://sdinet.org/settlement/1846/2514635,Ghana,Ashaiman,OBAKATSE,1915,3/3/2017,History: The settlement started 100 years ago by Mr. Obaka from Tema New Town. The settlement precedes the establishment ofAshaiman city by NiiAmui and NiiAshai.,"Sanitationsewage, Waterdrainage, Electricity, Other, Other, Sanitationsewage, Waterdrainage, Electricity, Other, Other",0,6069,None,"declared, legal, protected",20,"20,Broken toilets:0",1:00,Flush,21,N/A,1:00,yes,N/A,3,Common area inside settlement,tarred roads,"Bus, Car, Walking",N/A,Yes,month,N/A,month,"MALARIA, Diarrhea, Cholera, STIs",yes,Unknown,N/A,Unknown,N/A,Unknown,N/A
https://sdinet.org/settlement/1846/16766676,Ghana,Accra,NIMA WEST,1917,14-03-2017,"History: The current settlement came as result of people from different countries like Niger, Mali, Nigeria migrating to the current place for business purposes and finally stayed there","Sanitationsewage, Waterdrainage, Housing, Other, Electricity, Sanitationsewage, Waterdrainage, Housing, Other, Electricity",0,NaN,None,"declared, legal, protected",1,"200,Broken toilets:-199",1:00,Flush,9000,2000,1:00,yes,40,2,Common area inside settlement,tarred roads,"Taxi, Motorbike, Walking",N/A,Yes,week,average,other,"Malaria, Cholera, Typhoid",yes,Unknown,yes,Unknown,yes,Unknown,N/A
https://sdinet.org/settlement/1846/9027836,Ghana,Accra,BUBUASHIE,1949,9/10/2016,History: Atta Mahame Machele faur was the the first to settle on the land in the year 1944 to 1949. the settlement derived it name from the chief goddest of the stool.,"Other, Sanitationsewage, Electricity, Other, Other, Sanitationsewage, Electricity, Other","115,000",4553,None,"declared, legal, protected",3,"3,Broken toilets:0","1:6,389",Flush,3200,2000,1:58,yes,90,4,Individual bins,dirt paths,"Bus, Taxi, Motorbike",50,N/A,N/A,N/A,N/A,"Cholera, Malaria, Typhoid, Skin rashes",yes,Unknown,N/A,Unknown,no,Unknown,"Generalshops, Foodshops, Clothingshops, Furnitureshops, Mosques, Churches, Communications, Carrepair"
https://sdinet.org/settlement/1846/5121546,Ghana,Accra,SAKAMAN,1970,10/10/2016,History: SAKA WAS THE FIRST SETTLER OF THE COMMUNITY AND HIS NAME WAS ATTACHED TO THE COMMUNITY AROUND THE 17TH CENTURY.,"Waterdrainage, Sanitationsewage, Housing, Sanitationsewage, Landtenure, Waterdrainage, Sanitationsewage, Housing, Sanitationsewage, Landtenure","7,000",1500,None,"declared, legal, protected",1,"300,Broken toilets:-299",1:22,Flush,1000,1000,1:07,yes,N/A,N/A,Common area inside settlement,dirt paths,"Bus, Taxi, Walking",N/A,Yes,other,good,month,MALARIA,yes,Unknown,yes,Unknown,yes,Unknown,N/A
https://sdinet.org/settlement/1846/5119988,Ghana,Accra,DZORWULU,1955,10/10/2016,"History: DZORWULU BELONGS TO OSU LANDSTOOL BY CHIEF MANKO
DZORWULU WAS LINKED TO ACHIMOTA FOREST.","Sanitationsewage, Waterdrainage, Housing, Electricity, Landtenure, Sanitationsewage, Waterdrainage, Housing, Electricity, Landtenure","96,000",1170,medium,"declared, legal, protected",2,"2,Broken toilets:0","1:48,000",Flush,1000,N/A,N/A,yes,50,1,Individual bins,N/A,"Bus, Car, Taxi",3,Yes,N/A,good,other,"DIARRHOEA, BP, DIABETES, MALARIA",yes,30 minutes,no,Unknown,yes,Unknown,N/A
https://sdinet.org/settlement/1846/5119989,Ghana,Accra,Ebony,1940,5/7/2018,History: A lot of pigs were reared in this place,"Sanitationsewage, Waterdrainage, Sanitationsewage, Waterdrainage, Landtenure, Sanitationsewage, Waterdrainage, Sanitationsewage, Waterdrainage, Landtenure","6,000",120,None,"declared, legal, protected",60,"60,Broken toilets:0",1:52,Flush,120,30,0.117361111,yes,40,1,Common area outside settlement,dirt paths,"Bus, Taxi, Walking",N/A,Yes,month,good,month,"Maleria, Cholera, Typhoid, Body weakness",yes,30 minutes,no,Unknown,yes,30 minutes,N/A
https://sdinet.org/settlement/1846/5119249,Ghana,Accra,ABELENKPE,1940,10/10/2016,History: THE LAND IS OWNED BY SWANIKA PEOPLE  FROM OSU. MR. SALLY AND MR. NORTEY WERE THE CARE TAKERS OF THE LAND AND THEY WERE CULTIVATING MAIZE  THAT IS WHY THE SETTLEMENT WAS NAMED ABELEMPKE.,"Sanitationsewage, Waterdrainage, Electricity, Housing, Landtenure, Sanitationsewage, Waterdrainage, Electricity, Housing, Landtenure","15,000",1440,None,"declared, legal, protected",N/A,NA,1:01,Flush,550,N/A,N/A,yes,30,1,Individual bins,tarred roads,"Bus, Taxi",2,Yes,month,N/A,never,"MALARIA, CHOLERA",yes,Unknown,no,Unknown,yes,Unknown,N/A
https://sdinet.org/settlement/1846/5122834,Ghana,Accra,OKPONGLO,1948,10/10/2016,"History: THEY MIGRATED FROM LA FARMERS (LA- KLANAN FAMILY, LESHIE FAMILY)","Sanitationsewage, Waterdrainage, Landtenure, Housing, Electricity, Sanitationsewage, Waterdrainage, Landtenure, Housing, Electricity","200,000",40450,None,"declared, legal, protected",1,"1,Broken toilets:0","1:40,000",Flush,1200,1000,0.104861111,yes,50,1,Individual bins,dirt paths,"Bus, Taxi, Walking",10,Yes,month,good,month,"MALARIA, CHOLERA, MEASELS, WHITE",yes,Unknown,yes,Unknown,yes,Unknown,N/A
https://sdinet.org/settlement/1846/5121708,Ghana,Accra,AMAMOMO,1902,5/7/2018,"History: A disease known as ""akpor nabuu"" spread to a settlement and the colonial government relocated the residents to the present area Amamomo.","Housing, Sanitationsewage, Waterdrainage, Electricity, Landtenure, Housing, Sanitationsewage, Waterdrainage, Electricity, Landtenure","9,756",4650,high,"declared, legal, protected",200,"180,Broken toilets:20",1:07,Flush,95,70,1:59,yes,30,4,Individual bins,tarred roads,"Bus, Taxi, Motorbike",3,Yes,month,good,other,"Malaria, Cholera",yes,Unknown,no,Unknown,yes,Unknown,N/A
https://sdinet.org/settlement/1846/5122882,Ghana,Accra,NMLITSA,1970,10/10/2016,History: THE NAME CAME ABOUT AS A RESULT OF A  RED SOIL WHICH WAS SO HIGH THAT YOU NEED TO CLIMB IT BEFORE YOU CAN CROSS TO THE OTHER SIDE OF THE SETTLEMENT,"Sanitationsewage, Waterdrainage, Landtenure, Electricity, Sanitationsewage, Sanitationsewage, Waterdrainage, Landtenure, Electricity, Sanitationsewage","36,000",6355,None,"declared, legal, protected",3,"3,Broken toilets:0","1:1,333",Flush,200,500,1:51,yes,30,1,Individual bins,tarred roads,"Bus, Taxi, Motorbike",N/A,Yes,month,average,year,"MALARIA, CHOLERA, COLD",yes,Unknown,N/A,Unknown,yes,10 minutes,N/A
https://sdinet.org/settlement/1846/5126973,Ghana,Accra,KWASHIEMAN,1970,10/10/2016,"History: HE WAS AN HAUNTER,WHERE HE HAUNT FOR HIS DAILY.HE PLAN TO SETTLE OVER THERE AND NAME THE PLACE KWASHIEMAN","Other, Waterdrainage, Sanitationsewage, Other, Other, Waterdrainage, Sanitationsewage, Other","141,400",10100,None,"declared, legal, protected",N/A,1000,1:47,Flush,500,3800,1:34,yes,200,1,Common area inside settlement,dirt paths,"Bus, Taxi, Walking",N/A,Yes,other,good,other,"MALARIA, CHOLERA",no,Unknown,no,Unknown,no,Unknown,N/A
https://sdinet.org/settlement/1846/5129982,Ghana,Accra,CHORKOR,1820,8/10/2016,History: IT IS A FISHING COMMUNITY. MOST OF THE SETTLERS MIGRATED FROM OTHER PLACES TO SETTLE THERE,N/A,"25,000",9010,None,resettled,N/A,NA,1:01,Flush,10000,10000,1:01,yes,15,2,Common area inside settlement,dirt paths,"Bus, Taxi, Walking",N/A,N/A,N/A,N/A,N/A,"MALARIA, CHOLERA, DIARRHOEA",no,Unknown,no,Unknown,no,Unknown,"Policestations, Informalmarkets, Churches"
https://sdinet.org/settlement/1846/5120265,Ghana,Accra,Korle Dudor,1970,13-01-2018,History: Korle means fetish god and dudor is a big pot in which she (the fetish god) drinks from so the settlement was named after her the place,"Sanitationsewage, Waterdrainage, Landtenure, Housing, Electricity, Sanitationsewage, Waterdrainage, Landtenure, Housing, Electricity","2,000",20026,None,"declared, legal, protected",1,"1,Broken toilets:0",0.148611111,Flush,100,180,1:07,yes,50,1,Common area inside settlement,dirt paths,"Bus, Taxi, Motorbike",10,Yes,N/A,good,month,"Malaria, Thypoid, Skin rashes, Coughing",yes,30 minutes,N/A,Unknown,yes,more than 1 hour,"Banks, Generalshops, Informalmarkets, Foodshops, Clothingshops, Furnitureshops, Mosques, Churches"
https://sdinet.org/settlement/1846/5122886,Ghana,Accra,ODORKOR,1865,10/10/2016,History: THERE WAS A STREAM (ODOR) WHICH WAS ALWAYS RED IN COLOUR. THE PLACE WAS LATER CALLED ODORKOR MEANING RED STREAM,"Waterdrainage, Other, Other, Sanitationsewage, Other, Waterdrainage, Other, Other, Sanitationsewage, Other","59,500",3912,None,"declared, legal, protected",1,"1000,Broken toilets:-999",1:59,Flush,200,2000,1:27,yes,50,2,Common area inside settlement,dirt paths,"Bus, Taxi, Walking",10,Yes,week,good,year,"MALARIA, TYPHOID, DIBETIS",yes,30 minutes to 1 hour,yes,more than 1 hour,yes,Unknown,N/A
https://sdinet.org/settlement/1846/279055,Ghana,accra,Shukura Gbortsui,1970,4/7/2018,"History: The name Gbortsui means ant-hill, the community started in 1963 and the first chief of the area is Nii Addo. The area was initially called Nmemete, but was later change to Russia because there were some Russians staying in the area who were constructing the Nkrumah flats at Lartebiokorshie. Because the area was made of ant hills it was also name Gbortsui Electoral Area when it qualified to become an electoral area.","Housing, Waterdrainage, Sanitationsewage, Electricity, Other, Housing, Waterdrainage, Sanitationsewage, Electricity, Other","3,500",3897,None,"declared, legal, protected",N/A,NA,1:10,N/A,301,205,1:09,yes,45,2,Common area inside settlement,dirt paths,"Bus, Taxi, Walking",4,Yes,month,average,year,"Malaria, Cholera",yes,Unknown,no,Unknown,no,Unknown,N/A
https://sdinet.org/settlement/1846/5142799,Ghana,Accra,KANTEISAN,1970,10/10/2016,"History: THE AREA ACTUALLY STARTED AT BUBUASHIE OLD TOWN BUT AS A RESULT THE LOCAL GOVERNMENT SYSTEM, THE DISCOVERY OF OKAI KOI SOUTH. BUT THE NAME WAS DERIVED FROM THE TREE","Sanitationsewage, Other, Other, Waterdrainage, Other, Sanitationsewage, Other, Other, Waterdrainage, Other","25,600",2000,None,"declared, legal, protected",N/A,NA,1:01,Flush,N/A,N/A,N/A,yes,N/A,1,Common area inside settlement,tarred roads,"Bus, Taxi, Walking",10,Yes,N/A,average,month,"MALARIA, BLOOD PRESSURE, COUGH",yes,Unknown,N/A,Unknown,yes,15 minutes,N/A
https://sdinet.org/settlement/1846/5131187,Ghana,Accra,MANSRALOR,1900,8/10/2016,History: IT IS A GA TERM FOR SOMEONE WHO ALWAYS VISITS TO AN AREA,"Waterdrainage, Other, Sanitationsewage, Other, Waterdrainage, Other, Sanitationsewage, Other",0,10152,None,"declared, legal, protected",3,"3,Broken toilets:0",1:00,Flush,10000,N/A,N/A,yes,40,2,Individual bins,dirt paths,"Bus, Car, Taxi",2,Yes,month,average,year,"MALARIA, CHOLERA, FEVER, DIARRHEA",yes,Unknown,N/A,Unknown,N/A,Unknown,N/A
https://sdinet.org/settlement/1846/9027845,Ghana,Accra,AYIDIKI,1954,9/10/2016,History: THE LAND BELONGS TO GBESE STOOL WHICH LED BY MR. AYIDIKI WHO FIRST SETTLE THERE.,"Sanitationsewage, Waterdrainage, Waterdrainage, Sanitationsewage, Landtenure, Sanitationsewage, Waterdrainage, Waterdrainage, Sanitationsewage, Landtenure","4,000",124,None,"declared, legal, protected",2,"2,Broken toilets:0","1:1,000",Flush,6,N/A,0.504861111,yes,45,2,Common area outside settlement,tarred roads,"Car, Taxi",3,Yes,never,N/A,N/A,"MALARIA, CHOLERA",yes,30 minutes,N/A,Unknown,yes,30 minutes,"Furnitureshops, Mosques, Churches"
https://sdinet.org/settlement/1846/5119615,Ghana,Accra,Mudor,1970,10/10/2016,"History: The first settler was an Akan who migrated from Ayikai doblo to settle on the land. He gave parts of the land to migrants to weed and settle so the settlement was named ""mudor"" which means weed in Akan.","Sanitationsewage, Waterdrainage, Housing, Electricity, Landtenure, Sanitationsewage, Waterdrainage, Housing, Electricity, Landtenure","18,000",640,None,"declared, legal, protected",1,"30,Broken toilets:-29",0.125,Flush,300,N/A,0.091666667,yes,30,1,Individual bins,tarred roads,"Bus, Taxi, Walking",N/A,Yes,month,good,month,"Malaria, Skin rashes, Cholera, Thypoid",yes,30 minutes,N/A,Unknown,yes,30 minutes,"Clothingshops, Furnitureshops, Churches, Communications, Carrepair"
https://sdinet.org/settlement/1846/3082372,Ghana,Accra,MAAMOBI WEST,1925,11/10/2016,History: A famer stayed called alhamdu and named first named it alhamdu,"Sanitationsewage, Waterdrainage, Electricity, Housing, Landtenure, Sanitationsewage, Waterdrainage, Electricity, Housing, Landtenure","15,000",9350,None,"declared, legal, protected",1,"1,Broken toilets:0","1:1,154",Flush,5200,700,1:07,yes,30,1,Common area inside settlement,gravel roads,"Bus, Motorbike, Walking",100,Yes,month,good,month,"Malaria, Choelera, Skin diseases, Chicken pauls",yes,Unknown,yes,Unknown,yes,Unknown,N/A
https://sdinet.org/settlement/1846/5142671,Ghana,Accra,AVENOR,1970,9/10/2016,History: The Ga's went to war and they were defeated. one of them disguised himself and followed the people of Avenor who won the fight to learn about thier herbal medicine.,"Waterdrainage, Other, Other, Other, Other, Waterdrainage, Other, Other, Other, Other",0,1620,None,"declared, legal, protected",1,"7,Broken toilets:-6",1:00,Flush,60,80,1:00,yes,60,3,Common area inside settlement,dirt paths,"Bus, Taxi, Motorbike",N/A,Yes,never,good,other,"Malaria, Cholera",no,Unknown,no,Unknown,N/A,Unknown,N/A
https://sdinet.org/settlement/1846/5142187,Ghana,Accra,KOTOBABI,1865,9/10/2016,History: THE PLACE WAS ACTUALLY A FARM LAND. PEOPLE FROM OSU MIGRATED TO SETTLE THERE.,"Waterdrainage, Sanitationsewage, Landtenure, Electricity, Housing, Waterdrainage, Sanitationsewage, Landtenure, Electricity, Housing","9,600",2200,None,"declared, legal, protected",1,"150,Broken toilets:-149",1:50,Flush,100,200,1:32,yes,100,1,Common area outside settlement,dirt paths,Bus,N/A,Yes,month,none,never,"MALARIA, FEVER, CHOLERA",no,Unknown,no,Unknown,yes,Unknown,N/A
,,,,,,,,,,,,,,,,,,,,,,,,,,,,,,,,,,,,,
,,,,,,,,,,,,,,,,,,,,,,,,,,,,,,,,,,,,,
,,,,,,,,,,,,,,,,,,,,,,,,,,,,,,,,,,,,,
,,,,,,,,,,,,,,,,,,,,,,,,,,,,,,,,,,,,,
,,,,,,,,,,,,,,,,,,,,,,,,,,,,,,,,,,,,,
,,,,,,,,,,,,,,,,,,,,,,,,,,,,,,,,,,,,,
,,,,,,,,,,,,,,,,,,,,,,,,,,,,,,,,,,,,,
,,,,,,,,,,,,,,,,,,,,,,,,,,,,,,,,,,,,,
,,,,,,,,,,,,,,,,,,,,,,,,,,,,,,,,,,,,,
,,,,,,,,,,,,,,,,,,,,,,,,,,,,,,,,,,,,,
,,,,,,,,,,,,,,,,,,,,,,,,,,,,,,,,,,,,,
,,,,,,,,,,,,,,,,,,,,,,,,,,,,,,,,,,,,,
,,,,,,,,,,,,,,,,,,,,,,,,,,,,,,,,,,,,,
,,,,,,,,,,,,,,,,,,,,,,,,,,,,,,,,,,,,,
,,,,,,,,,,,,,,,,,,,,,,,,,,,,,,,,,,,,,
,,,,,,,,,,,,,,,,,,,,,,,,,,,,,,,,,,,,,
,,,,,,,,,,,,,,,,,,,,,,,,,,,,,,,,,,,,,
,,,,,,,,,,,,,,,,,,,,,,,,,,,,,,,,,,,,,
,,,,,,,,,,,,,,,,,,,,,,,,,,,,,,,,,,,,,
,,,,,,,,,,,,,,,,,,,,,,,,,,,,,,,,,,,,,
,,,,,,,,,,,,,,,,,,,,,,,,,,,,,,,,,,,,,
,,,,,,,,,,,,,,,,,,,,,,,,,,,,,,,,,,,,,
,,,,,,,,,,,,,,,,,,,,,,,,,,,,,,,,,,,,,
,,,,,,,,,,,,,,,,,,,,,,,,,,,,,,,,,,,,,
,,,,,,,,,,,,,,,,,,,,,,,,,,,,,,,,,,,,,
,,,,,,,,,,,,,,,,,,,,,,,,,,,,,,,,,,,,,
,,,,,,,,,,,,,,,,,,,,,,,,,,,,,,,,,,,,,
,,,,,,,,,,,,,,,,,,,,,,,,,,,,,,,,,,,,,
,,,,,,,,,,,,,,,,,,,,,,,,,,,,,,,,,,,,,
,,,,,,,,,,,,,,,,,,,,,,,,,,,,,,,,,,,,,
,,,,,,,,,,,,,,,,,,,,,,,,,,,,,,,,,,,,,
,,,,,,,,,,,,,,,,,,,,,,,,,,,,,,,,,,,,,
,,,,,,,,,,,,,,,,,,,,,,,,,,,,,,,,,,,,,
,,,,,,,,,,,,,,,,,,,,,,,,,,,,,,,,,,,,,
,,,,,,,,,,,,,,,,,,,,,,,,,,,,,,,,,,,,,
,,,,,,,,,,,,,,,,,,,,,,,,,,,,,,,,,,,,,
,,,,,,,,,,,,,,,,,,,,,,,,,,,,,,,,,,,,,
,,,,,,,,,,,,,,,,,,,,,,,,,,,,,,,,,,,,,
,,,,,,,,,,,,,,,,,,,,,,,,,,,,,,,,,,,,,
,,,,,,,,,,,,,,,,,,,,,,,,,,,,,,,,,,,,,
,,,,,,,,,,,,,,,,,,,,,,,,,,,,,,,,,,,,,
,,,,,,,,,,,,,,,,,,,,,,,,,,,,,,,,,,,,,
,,,,,,,,,,,,,,,,,,,,,,,,,,,,,,,,,,,,,
,,,,,,,,,,,,,,,,,,,,,,,,,,,,,,,,,,,,,
,,,,,,,,,,,,,,,,,,,,,,,,,,,,,,,,,,,,,
,,,,,,,,,,,,,,,,,,,,,,,,,,,,,,,,,,,,,
,,,,,,,,,,,,,,,,,,,,,,,,,,,,,,,,,,,,,
,,,,,,,,,,,,,,,,,,,,,,,,,,,,,,,,,,,,,
,,,,,,,,,,,,,,,,,,,,,,,,,,,,,,,,,,,,,
,,,,,,,,,,,,,,,,,,,,,,,,,,,,,,,,,,,,,
,,,,,,,,,,,,,,,,,,,,,,,,,,,,,,,,,,,,,
,,,,,,,,,,,,,,,,,,,,,,,,,,,,,,,,,,,,,
,,,,,,,,,,,,,,,,,,,,,,,,,,,,,,,,,,,,,
,,,,,,,,,,,,,,,,,,,,,,,,,,,,,,,,,,,,,
,,,,,,,,,,,,,,,,,,,,,,,,,,,,,,,,,,,,,
,,,,,,,,,,,,,,,,,,,,,,,,,,,,,,,,,,,,,
,,,,,,,,,,,,,,,,,,,,,,,,,,,,,,,,,,,,,
,,,,,,,,,,,,,,,,,,,,,,,,,,,,,,,,,,,,,
,,,,,,,,,,,,,,,,,,,,,,,,,,,,,,,,,,,,,
,,,,,,,,,,,,,,,,,,,,,,,,,,,,,,,,,,,,,
,,,,,,,,,,,,,,,,,,,,,,,,,,,,,,,,,,,,,
,,,,,,,,,,,,,,,,,,,,,,,,,,,,,,,,,,,,,
,,,,,,,,,,,,,,,,,,,,,,,,,,,,,,,,,,,,,
,,,,,,,,,,,,,,,,,,,,,,,,,,,,,,,,,,,,,
,,,,,,,,,,,,,,,,,,,,,,,,,,,,,,,,,,,,,
,,,,,,,,,,,,,,,,,,,,,,,,,,,,,,,,,,,,,
,,,,,,,,,,,,,,,,,,,,,,,,,,,,,,,,,,,,,
,,,,,,,,,,,,,,,,,,,,,,,,,,,,,,,,,,,,,
,,,,,,,,,,,,,,,,,,,,,,,,,,,,,,,,,,,,,
,,,,,,,,,,,,,,,,,,,,,,,,,,,,,,,,,,,,,
,,,,,,,,,,,,,,,,,,,,,,,,,,,,,,,,,,,,,
,,,,,,,,,,,,,,,,,,,,,,,,,,,,,,,,,,,,,
,,,,,,,,,,,,,,,,,,,,,,,,,,,,,,,,,,,,,
,,,,,,,,,,,,,,,,,,,,,,,,,,,,,,,,,,,,,
,,,,,,,,,,,,,,,,,,,,,,,,,,,,,,,,,,,,,
,,,,,,,,,,,,,,,,,,,,,,,,,,,,,,,,,,,,,
,,,,,,,,,,,,,,,,,,,,,,,,,,,,,,,,,,,,,
,,,,,,,,,,,,,,,,,,,,,,,,,,,,,,,,,,,,,
,,,,,,,,,,,,,,,,,,,,,,,,,,,,,,,,,,,,,
,,,,,,,,,,,,,,,,,,,,,,,,,,,,,,,,,,,,,
,,,,,,,,,,,,,,,,,,,,,,,,,,,,,,,,,,,,,
,,,,,,,,,,,,,,,,,,,,,,,,,,,,,,,,,,,,,
,,,,,,,,,,,,,,,,,,,,,,,,,,,,,,,,,,,,,
,,,,,,,,,,,,,,,,,,,,,,,,,,,,,,,,,,,,,
,,,,,,,,,,,,,,,,,,,,,,,,,,,,,,,,,,,,,
