URL,Country name,City,Settlement,Established,Last updated,History,Priorities,Population,Structures,Eviction,Status,Total number of toilets seats,Toilet wrk,Working toilet seats to people,Types of toilets,Water tot,Water wrk,Water pp,Electric,Water Cost,Trash pw,Trash location,Road type,Trans type,Saving tot,Lead,Lead freq,City Relat,City freq,Diseases,Acc Clin,Time Clin,Acc aids,Time aids,Acc hosp,Time hosp,Facilities
https://sdinet.org/settlement/163997/31471770,Namibia,220037_keetmanshoop,Ileni,2001,04-07-2018,History: N/A,"Tenuresecurity, Sanitationsewage, Waterdrainage, Housing, Electricity, Tenuresecurity, Sanitationsewage, Waterdrainage, Housing, Electricity","2,236",584,None,"declared, legal, protected",1,"1,Broken toilets:0",1:559,Pour flush,3,"3,",1:745,yes,N/A,1,Individual bins,gravel roads,Taxi,2,N/A,N/A,N/A,N/A,"Tb, Diarrhrea, Hiv, Other",yes,more than 1 hour,yes,more than 1 hour,yes,more than 1 hour,N/A
https://sdinet.org/settlement/163997/10366666,Namibia,Windhoek,Kabila A,2000,25-03-2018,"History: They were brought there by municipality into 2 groups, but they are still renting the places.","Tenuresecurity, Housing, Electricity, Waterdrainage, Sanitationsewage, Tenuresecurity, Housing, Electricity, Waterdrainage, Sanitationsewage","5,650",1168,None,"undeclared, illegal, unprotected",N/A,NA,1:202,N/A,15,N/A,1:377,no,60,3,Common area inside settlement,dirt paths,"Bus, Taxi, Walking",1,Yes,other,none,never,"Other, Tb, Diarrhrea, Hiv",yes,more than 1 hour,yes,more than 1 hour,yes,more than 1 hour,Churches
https://sdinet.org/settlement/163997/10366742,Namibia,Kamanjab,Five Rand,2005,03-10-2017,"History: It is a peaceful location , everything sold here cost 5rand","Waterdrainage, Electricity, Sanitationsewage, Housing, Other, Waterdrainage, Electricity, Sanitationsewage, Housing, Other","1,530",307,None,"declared, legal, protected",N/A,NA,1:1,N/A,3,N/A,1:510,yes,30,N/A,Common area inside settlement,dirt paths,Walking,N/A,N/A,never,none,never,"BP, Diarrhea, Headache, Flu",yes,more than 1 hour,no,Unknown,no,Unknown,Churches
https://sdinet.org/settlement/163997/10366741,Namibia,Outjo,Kaap en bou,2013,13-01-2018,History: No we are divided in streets and they gave us the numbers.,"Waterdrainage, Electricity, Sanitationsewage, Housing, Landtenure, Waterdrainage, Electricity, Sanitationsewage, Housing, Landtenure",900,300,None,"declared, legal, protected",N/A,NA,1:1,N/A,N/A,N/A,N/A,no,150,N/A,Disorganized deposit,dirt paths,Taxi,N/A,N/A,N/A,N/A,N/A,"Malaria, TB, BP, AIDS",yes,Unknown,yes,more than 1 hour,yes,more than 1 hour,N/A
https://sdinet.org/settlement/163997/10366747,Namibia,Windhoek,Samuel Maharero,1992,01-03-2017,History: We came here illegal,"Landtenure, Electricity, Waterdrainage, Housing, Other, Landtenure, Electricity, Waterdrainage, Housing, Other",314,172,None,"declared, legal, protected",N/A,NA,1:45,N/A,9,N/A,1:35,no,98,3,Common area inside settlement,dirt paths,"Bus, Taxi, Walking",2,Yes,month,average,year,"Diarhoea, Malaria, TB, Influenza",no,Unknown,yes,30 minutes to 1 hour,yes,more than 1 hour,N/A
https://sdinet.org/settlement/163997/10366792,Namibia,Kamanjab,Saamstaan block,2012,04-10-2017,History: Its a peacefull location the time we araive here everything was costing 5rand.we did clean this place becaus we are but of shackdwellers and we dont want move far from other locaatiion,"Landtenure, Housing, Electricity, Sanitationsewage, Landtenure, Housing, Electricity, Sanitationsewage",108,18,None,resettled,N/A,NA,1:1,N/A,N/A,N/A,N/A,no,60,N/A,Disorganized deposit,dirt paths,Walking,N/A,N/A,never,none,never,"Flu, Girarhea, Bp, Chicken box",yes,30 minutes to 1 hour,no,Unknown,N/A,Unknown,N/A
https://sdinet.org/settlement/163997/10366749,Namibia,Gochas,/Gomxab !Naus,1995,11-10-2017,History: When we came from the farms - where there were work problems - we decided as a community to stay in the settlement.,"Sanitationsewage, Electricity, Landtenure, Housing, Waterdrainage, Sanitationsewage, Electricity, Landtenure, Housing, Waterdrainage",342,57,None,"not, applicable",N/A,NA,1:1,N/A,N/A,N/A,N/A,no,30,N/A,Common area inside settlement,gravel roads,Walking,1,N/A,N/A,none,N/A,"TB, High blood pressure, HIV/AIDS",yes,90,no,Unknown,no,Unknown,N/A
https://sdinet.org/settlement/163997/10366794,Namibia,Okakarara,Lalapansie,1981,12-01-2018,History: Established by A.K Tjipasain 1989 with only one house. The area was bushy. the second part of the location whereas in 1975 the 1st people were authorised by the then councillor Karijera Karamata.,"Waterdrainage, Sanitationsewage, Housing, Landtenure, Electricity, Waterdrainage, Sanitationsewage, Housing, Landtenure, Electricity",664,182,None,"declared, legal, protected",N/A,NA,1:1,N/A,N/A,N/A,N/A,yes,400,N/A,Disorganized deposit,dirt paths,"Walking, Other",6,Yes,year,average,other,"TB, AIDS, Diarhoea, Cold and flu",yes,more than 1 hour,yes,more than 1 hour,no,Unknown,"Generalshops, Foodshops, Clothingshops, Churches, Carrepair"
https://sdinet.org/settlement/163997/10366824,Namibia,Otjimbingwe,Central,1975,14-01-2018,History: When we came to stay here in the shacks (1970) there was a bible school and a church.,"Sanitationsewage, Electricity, Waterdrainage, Other, Sanitationsewage, Electricity, Waterdrainage, Other",988,NaN,high,"declared, legal, protected",N/A,NA,1:1,Pit latrine,N/A,N/A,N/A,yes,N/A,N/A,N/A,gravel roads,"Walking, Other",N/A,Yes,never,none,never,"TB, High blood pressure, AIDS, Diabetes",yes,Unknown,no,Unknown,no,Unknown,"Policestations, Generalshops, Churches"
https://sdinet.org/settlement/163997/10366797,Namibia,Aranos,Newerust,2003,14-01-2018,History: People were brought by Village Council.,"Electricity, Waterdrainage, Sanitationsewage, Landtenure, Housing, Electricity, Waterdrainage, Sanitationsewage, Landtenure, Housing","1,206",402,None,resettled,N/A,NA,1:121,N/A,N/A,N/A,N/A,no,N/A,0.25,Common area inside settlement,dirt paths,Walking,N/A,N/A,N/A,none,N/A,"Asthma & TB, HIV, High blood sugar, Epilepsy",yes,Unknown,no,Unknown,yes,Unknown,Foodshops
https://sdinet.org/settlement/163997/10366798,Namibia,Outjo,Soweto 2,1994,13-01-2018,History: No place to stay thats why we make this location,"Housing, Sanitationsewage, Landtenure, Other, Other, Housing, Sanitationsewage, Landtenure, Other, Other",500,100,None,"declared, legal, protected",N/A,90,1:6,Pit latrine,8,N/A,1:100,yes,100,N/A,Common area inside settlement,gravel roads,Taxi,N/A,N/A,week,good,month,"High blood pressure, HIV-AIDS, Asma, Mental",N/A,Unknown,N/A,Unknown,yes,more than 1 hour,"Foodshops, Communications"
https://sdinet.org/settlement/163997/24047551,Namibia,Windhoek,Mix Berghof,1980,14-01-2018,"History: A white man came to settle here and he was renting the place, he found himself in financial problem and decided to get people from windhoek to come settle and pay the rent to him","Waterdrainage, Sanitationsewage, Housing, Waterdrainage, Tenuresecurity, Waterdrainage, Sanitationsewage, Housing, Waterdrainage, Tenuresecurity","6,256",1569,low,"undeclared, illegal, unprotected",N/A,NA,1:1,N/A,7,N/A,"1:1,043",no,120,N/A,Common area inside settlement,tarred roads,Taxi,2,Yes,fortnighly,average,never,"Diarrhrea, Tb, Hiv, Malaria",no,Unknown,no,Unknown,no,Unknown,"Generalshops, Foodshops"
https://sdinet.org/settlement/163997/28162104,Namibia,22031_oniipa,Olumbongo,1970,29-06-2018,History: N/A,"Tenuresecurity, Housing, Sanitationsewage, Electricity, Waterdrainage, Tenuresecurity, Housing, Sanitationsewage, Electricity, Waterdrainage","2,000",601,None,"declared, legal, protected",100,"100,Broken toilets:0",1:19,Flush,N/A,"150,",1:13,yes,154,N/A,Disorganized deposit,dirt paths,Walking,2,Yes,year,average,year,"Malaria, Tb, Hiv, Diarrhrea",yes,30 minutes,yes,30 minutes,yes,30 minutes,"Playground, Generalshops, Foodshops, Clothingshops, Carrepair"
https://sdinet.org/settlement/163997/27866362,Namibia,22033_ruacana,Okalukanda Ka Naango,1992,14-04-2018,"History: In 1992 there were 2 shacks and one  Tate Samuel hare  a pig from other name, the settlement was moved from the other side of the road to where the settlement is currently located","Waterdrainage, Other, Sanitationsewage, Housing, Other, Waterdrainage, Other, Sanitationsewage, Housing, Other",904,277,None,"declared, legal, protected",7,"7,Broken toilets:0",1:129,Pit latrine,1,"6,",1:129,yes,N/A,N/A,Disorganized deposit,dirt paths,"Taxi, Walking",N/A,Yes,quaterly,good,year,"Malaria, Other, Hiv, Other",yes,more than 1 hour,yes,more than 1 hour,yes,more than 1 hour,Churches
https://sdinet.org/settlement/163997/10366670,Namibia,Okahao,Pig station,1981,14-12-2017,History: People moved there because of accommodation for low income,"Waterdrainage, Electricity, Landtenure, Sanitationsewage, Housing, Waterdrainage, Electricity, Landtenure, Sanitationsewage, Housing",320,84,None,"declared, legal, protected",N/A,NA,1:160,N/A,1,N/A,N/A,no,N/A,1,Common area inside settlement,gravel roads,"Bicycle, Walking, Other",N/A,Yes,never,good,year,"TB, Malaria, AIDS, Cancer",yes,40,yes,40,yes,Unknown,N/A
https://sdinet.org/settlement/163997/10366703,Namibia,Ko�s,Soek en kry,2005,14-01-2018,History: Came here from different towns,"Waterdrainage, Electricity, Housing, Sanitationsewage, Other, Waterdrainage, Electricity, Housing, Sanitationsewage, Other",618,105,None,"undeclared, illegal, unprotected",N/A,NA,1:1,N/A,N/A,N/A,N/A,yes,200,N/A,N/A,tarred roads,"Bus, Car, Walking",2,Yes,month,good,month,"TB, High Blood Pressure, Asthma, Suikersrekte",yes,30 minutes to 1 hour,N/A,Unknown,N/A,Unknown,Generalshops
https://sdinet.org/settlement/163997/28101397,Namibia,Windhoek,Ongulumbashe B,1992,07-09-2018,History: N/A,"Tenuresecurity, Electricity, Waterdrainage, Sanitationsewage, Other, Tenuresecurity, Electricity, Waterdrainage, Sanitationsewage, Other","2,308",585,None,N/A,N/A,NA,1:1,N/A,N/A,N/A,N/A,no,300,2,Common area inside settlement,tarred roads,"Bus, Taxi",N/A,Yes,week,average,month,"Malaria, Tb, Hiv, Diarrhrea",yes,more than 1 hour,yes,more than 1 hour,yes,more than 1 hour,Generalshops
https://sdinet.org/settlement/163997/10366674,Namibia,Mariental,Takarania,1997,03-07-2018,History: People previously stayed on a school plot until Council gave the land in Takarania. Initially there was only a few households until more people came in from the farms or communal areas.,"Sanitationsewage, Waterdrainage, Sanitationsewage, Waterdrainage","1,590",537,None,resettled,N/A,NA,1:1,N/A,N/A,N/A,N/A,yes,30,1,Common area inside settlement,gravel roads,"Taxi, Walking",N/A,N/A,N/A,N/A,N/A,"TB, High blood pressure, Diabetes, AIDS",yes,90,yes,90,yes,120,Generalshops
https://sdinet.org/settlement/163997/10366675,Namibia,Tsumeb,Kuvukiland,2009,08-11-2017,History: On 15 April 2009 people planted a pole on the hill as a beacon that they want to stay in the area; they were tired of paying rent in Soweto. They started clearing the area to the northwest on the mine's land and moved there with their families to be more independent.  On 10 November 2009 the municipality started allocating plots.,"Landtenure, Waterdrainage, Housing, Sanitationsewage, Electricity, Landtenure, Waterdrainage, Housing, Sanitationsewage, Electricity","9,600",2602,None,"declared, legal, protected",12,"12,Broken toilets:0",1:800,Ecosan,N/A,N/A,N/A,no,200,N/A,Common area inside settlement,gravel roads,"Taxi, Bicycle, Walking",5,Yes,week,average,year,"TB, Malaria, Diabetes, High blood pressure",yes,60,no,Unknown,yes,60,"Informalmarkets, Churches, Carrepair"
https://sdinet.org/settlement/163997/10366750,Namibia,Gobabis,Tuerijandjera,1987,11-10-2017,"History: Tuerijandjera was an open dumping space.  Some residents were renting in the nearby formal houses before independence and wanted to own their own houses.  They cleared the area and settled there.  Some were those evicted from the area behind Herero formal houses next to the cemeteries, were some went to far Rakutuka and the majority joined Tuerijandjera settlement.","Landtenure, Sanitationsewage, Waterdrainage, Electricity, Housing, Landtenure, Sanitationsewage, Waterdrainage, Electricity, Housing","2,600",659,high,"undeclared, illegal, unprotected",N/A,NA,1:1,N/A,3,N/A,1:867,no,251,N/A,Disorganized deposit,N/A,N/A,N/A,Yes,month,average,month,"Diabetes, Diarrhea, TB, HIV",yes,120,yes,120,yes,Unknown,N/A
https://sdinet.org/settlement/163997/10366707,Namibia,Windhoek,Onghuwo Yepongo,1992,24-05-2016,"History: They got from different Places, and since they do not have places to stay, they came to clean the place themselves.","Landtenure, Housing, Electricity, Waterdrainage, Sanitationsewage, Landtenure, Housing, Electricity, Waterdrainage, Sanitationsewage",952,239,None,"undeclared, illegal, unprotected",N/A,NA,1:60,N/A,10,N/A,1:95,no,70,"""0""",Common area inside settlement,dirt paths,"Bus, Taxi, Walking",1,Yes,week,good,month,"Tb, Other, Other, Diarrhrea",yes,30 minutes,yes,30 minutes,yes,more than 1 hour,Carrepair
https://sdinet.org/settlement/163997/10366678,Namibia,Aranos,Bosduin,1975,13-01-2018,"History: There was a lot of bushes in the settlement, hence Bosduin (bushy dune in Afrikaans).","Electricity, Waterdrainage, Sanitationsewage, Landtenure, Housing, Electricity, Waterdrainage, Sanitationsewage, Landtenure, Housing","1,800",604,high,"declared, legal, protected",N/A,3,1:600,N/A,N/A,N/A,N/A,no,200,N/A,Common area inside settlement,dirt paths,Car,N/A,N/A,N/A,N/A,N/A,"TB, AIDS, Cancer, Diabetes",yes,20,yes,20,yes,40,Foodshops
https://sdinet.org/settlement/163997/10366705,Namibia,Opuwo,Orutjandja,1970,05-10-2017,"History: Its not a clean location only few houses are having electricity, that is why it is very dangerous. Most crime activities are taking place here.","Landtenure, Waterdrainage, Electricity, Sanitationsewage, Waterdrainage, Landtenure, Waterdrainage, Electricity, Sanitationsewage, Waterdrainage","1,800",300,None,"not, applicable",N/A,NA,1:1,N/A,2,N/A,N/A,yes,30,N/A,Disorganized deposit,N/A,"Taxi, Walking",N/A,Yes,never,none,never,"TB, AIDS, Ashma, B/P",no,Unknown,N/A,Unknown,yes,30 minutes to 1 hour,N/A
https://sdinet.org/settlement/163997/27956611,Namibia,22033_ruacana,Omonawatjihozu,1974,05-06-2018,"History: People from the falls and moved to other locations, people wanted permanent place that they can be able to settle and this specific settlement where there was water available already and thats how they settled here.","Waterdrainage, Tenuresecurity, Other, Other, Sanitationsewage, Waterdrainage, Tenuresecurity, Other, Other, Sanitationsewage","1,400",400,None,"declared, legal, protected",42,"36,Broken toilets:6",1:39,Flush,1,"45,",1:30,yes,393,2,Individual bins,N/A,"Taxi, Bicycle, Walking",2,Yes,quaterly,average,quaterly,"Malaria, Tb, Diarrhrea, Hiv",yes,30 minutes,yes,30 minutes,yes,30 minutes,N/A
https://sdinet.org/settlement/163997/10366758,Namibia,Windhoek,7 De Laan Yokohama,2004,08-11-2017,History: The settlement was established by the municipality,"Waterdrainage, Sanitationsewage, Housing, Landtenure, Waterdrainage, Waterdrainage, Sanitationsewage, Housing, Landtenure, Waterdrainage","7,740",2591,None,"declared, legal, protected",3200,"3200,Broken toilets:0",1:2,Flush,3200,"3200,",1:2,yes,N/A,N/A,Common area outside settlement,gravel roads,"Bus, Taxi, Walking",N/A,Yes,month,average,month,"TB, AIDS, Running stomach, High fever",yes,15 minutes,yes,15 minutes,yes,more than 1 hour,"Firestations, Policestations, Generalshops, Churches"
https://sdinet.org/settlement/163997/31089791,Namibia,220038_karasburg,Plakkerskamp,1980,19-06-2018,"History: When old people came and lived there, they make it possible for us and then many people came and lived also here. Our Plakkerskamp was established 1980 by our old old people","Tenuresecurity, Housing, Electricity, Other, Other, Tenuresecurity, Housing, Electricity, Other, Other","2,860",288,None,"declared, legal, protected",286,"0,Broken toilets:286",1:1,Flush,286,"286,",1:10,yes,600,2,Individual bins,gravel roads,"Taxi, Bicycle, Walking",2,N/A,N/A,N/A,N/A,"Tb, Hiv, Diarrhrea, Other",yes,more than 1 hour,yes,more than 1 hour,yes,more than 1 hour,Churches
https://sdinet.org/settlement/163997/28320705,Namibia,Windhoek,Kilimandjaro,1994,08-08-2018,History: First people who came at Kilimandjaro where from single quaters and the second people came from Ombili and Havana . We were looking for our own erfs but its still municipality.,"Electricity, Tenuresecurity, Housing, Waterdrainage, Sanitationsewage, Electricity, Tenuresecurity, Housing, Waterdrainage, Sanitationsewage","6,044",1524,None,resettled,N/A,NA,1:1,N/A,N/A,N/A,N/A,no,200,N/A,Common area inside settlement,gravel roads,"Bus, Taxi",8,Yes,month,average,bi_annually,"Hiv, Tb, Other, Diarrhrea",yes,5 minutes,yes,5 minutes,yes,more than 1 hour,"Playground, Churches"
https://sdinet.org/settlement/163997/24049852,Namibia,Gobabis,Kanaan C,1980,14-01-2018,"History: The settlement was established by community members that first came to settle there, It was established the same year Kanaan B and Kanaan A","Tenuresecurity, Housing, Electricity, Sanitationsewage, Waterdrainage, Tenuresecurity, Housing, Electricity, Sanitationsewage, Waterdrainage","2,980",599,None,N/A,N/A,NA,1:1,N/A,N/A,N/A,N/A,no,200,1,Common area inside settlement,dirt paths,Taxi,1,Yes,quaterly,bad,year,"Tb, Diarrhrea, Hiv, Other",yes,30 minutes to 1 hour,no,Unknown,yes,more than 1 hour,N/A
https://sdinet.org/settlement/163997/24047157,Namibia,Gobabis,Freedom Square,1970,14-01-2018,History: N/A,"Sanitationsewage, Housing, Waterdrainage, Tenuresecurity, Electricity, Sanitationsewage, Housing, Waterdrainage, Tenuresecurity, Electricity","4,068",1068,None,"declared, legal, protected",N/A,NA,1:1,N/A,10,N/A,1:407,no,200,1,Skip,gravel roads,"Taxi, Walking",3,N/A,quaterly,good,quaterly,"Tb, Hiv, Other, Malaria",yes,Unknown,no,Unknown,yes,Unknown,N/A
https://sdinet.org/settlement/163997/10366710,N/A,N/A,N/A,1970,01-01-1970,History: N/A,N/A,N/A,N/A,None,N/A,N/A,NA,N/A,N/A,N/A,N/A,N/A,N/A,N/A,N/A,N/A,N/A,N/A,N/A,N/A,N/A,N/A,N/A,N/A,N/A,Unknown,N/A,Unknown,N/A,Unknown,N/A
https://sdinet.org/settlement/163997/10366711,Namibia,Okakarara,DRC,2000,14-01-2018,History: Location given by the town council for informal settlement,"Waterdrainage, Sanitationsewage, Housing, Landtenure, Electricity, Waterdrainage, Sanitationsewage, Housing, Landtenure, Electricity",650,161,high,"undeclared, illegal, unprotected",N/A,NA,1:1,N/A,4,N/A,1:163,no,1600,N/A,N/A,N/A,"Taxi, Walking",N/A,Yes,month,good,month,"Flu, Diarrhoea, TB, BP",yes,more than 1 hour,yes,more than 1 hour,no,Unknown,N/A
https://sdinet.org/settlement/163997/10366681,Namibia,Khorixas,Donkerhok,1970,13-01-2018,History: Its the only informal settlement in kharixas and its  very dark and dangerous,"Housing, Sanitationsewage, Electricity, Landtenure, Other, Housing, Sanitationsewage, Electricity, Landtenure, Other",728,102,None,"declared, legal, protected",N/A,NA,1:1,N/A,2,N/A,1:728,yes,60,N/A,Disorganized deposit,dirt paths,Walking,N/A,Yes,month,good,month,"Tb, Aids, Bp, Cancer",yes,30 minutes to 1 hour,yes,30 minutes to 1 hour,yes,Unknown,"Generalshops, Foodshops"
https://sdinet.org/settlement/163997/10366712,Namibia,Tsandi,Oshikwanambwa,1984,15-01-2018,"History: They were evicted from Okamwandi location by the colonial time ,they come there and they named the location Oshikwanambwa for business.","Landtenure, Waterdrainage, Sanitationsewage, Housing, Electricity, Landtenure, Waterdrainage, Sanitationsewage, Housing, Electricity",136,36,None,resettled,1,"20,Broken toilets:-19",1:3,Flush,10,"10,",1:14,yes,40,N/A,Common area outside settlement,dirt paths,"Taxi, Walking",45,Yes,year,average,month,HIV \\ AIDS,yes,30,yes,30,yes,30,"Generalshops, Foodshops, Clothingshops, Communications, Carrepair"
https://sdinet.org/settlement/163997/10366714,Namibia,Windhoek,Okatunda session,1991,08-11-2017,"History: They individually moved to this place all by them selves, but surely seemed  to be a long time ago","Electricity, Landtenure, Waterdrainage, Housing, Sanitationsewage, Electricity, Landtenure, Waterdrainage, Housing, Sanitationsewage","1,428",NaN,None,"undeclared, illegal, unprotected",N/A,NA,1:1,N/A,N/A,N/A,N/A,no,100,N/A,N/A,gravel roads,"Bus, Taxi, Walking",3,Yes,month,good,month,"Malaria, Influenza, Chicken pox, Diarrhoea",yes,30 minutes,yes,30 minutes,yes,more than 1 hour,N/A
https://sdinet.org/settlement/163997/10366684,Namibia,Mariental,Soetdoringlaagte,1980,14-01-2018,"History: We worked on the farms until it was sold, then we came here. Mr Appolus from the Village Council gave us the land.","Sanitationsewage, Waterdrainage, Landtenure, Housing, Sanitationsewage, Waterdrainage, Landtenure, Housing","1,996",500,None,"declared, legal, protected",N/A,NA,1:1,N/A,N/A,N/A,N/A,yes,40,0.5,Common area inside settlement,gravel roads,Walking,N/A,N/A,N/A,good,N/A,"TB, HIV/AIDS, High blood pressure, Diabetes",yes,30,no,Unknown,no,Unknown,Churches
https://sdinet.org/settlement/163997/10366680,Namibia,Opuwo,Ouranda,1977,05-10-2017,History: The location comes as a result of people who come from villages because of nearby services and later on they have form informal settlement,"Housing, Electricity, Landtenure, Sanitationsewage, Waterdrainage, Housing, Electricity, Landtenure, Sanitationsewage, Waterdrainage","2,880",486,medium,"undeclared, illegal, unprotected",N/A,NA,1:1,N/A,5,N/A,1:576,no,50,N/A,Disorganized deposit,dirt paths,"Taxi, Walking",N/A,Yes,month,none,month,"Malaria, Cholera, Flue, Tb",no,Unknown,no,Unknown,yes,30 minutes to 1 hour,Informalmarkets
https://sdinet.org/settlement/163997/10366717,Namibia,Oshakati,Kandjengedi,1979,12-01-2018,"History: As it is mentioned already that it was named after an old man, When got older and older, he started dividing the land to his children in the 1984s and its population started increasing day by day.","Landtenure, Landtenure, Sanitationsewage, Electricity, Housing, Landtenure, Landtenure, Sanitationsewage, Electricity, Housing","12,000",3061,None,"declared, legal, protected",N/A,NA,1:1,Ecosan,N/A,N/A,N/A,yes,250,3,Common area inside settlement,dirt paths,Taxi,N/A,N/A,N/A,N/A,N/A,"Malaria, TB, Measles, Diarhoea",yes,Unknown,yes,Unknown,yes,Unknown,Churches
https://sdinet.org/settlement/163997/10366761,Namibia,Okongo,"Tulitungeni,Olukanda LameLosalia",1989,14-12-2017,History: The settlement was first having two bars and now they keep on increasing,"Landtenure, Waterdrainage, Housing, Sanitationsewage, Electricity, Landtenure, Waterdrainage, Housing, Sanitationsewage, Electricity","1,800",450,medium,resettled,N/A,7,1:257,Pit latrine,N/A,N/A,N/A,yes,250,N/A,Individual bins,dirt paths,"Taxi, Motorbike, Walking",1,Yes,other,bad,never,"TB, Manutrion, Hiv/Aids, Malaria",yes,15,yes,16,yes,15,"Informalmarkets, Carrepair"
https://sdinet.org/settlement/163997/10366688,Namibia,Tsandi,Alutunda,1980,15-01-2018,"History: It is near by their homestead, for business and accommodation.","Landtenure, Waterdrainage, Sanitationsewage, Housing, Electricity, Landtenure, Waterdrainage, Sanitationsewage, Housing, Electricity",62,34,None,"declared, legal, protected",1,"1,Broken toilets:0",1:62,Flush,4,"6,",1:6,yes,300,2,Common area outside settlement,dirt paths,Walking,6,Yes,year,good,month,N/A,yes,45,yes,45,yes,45,"Generalshops, Foodshops, Clothingshops, Churches, Communications, Carrepair"
https://sdinet.org/settlement/163997/10366686,Namibia,Windhoek,Okahandja Park,1992,07-03-2015,History: People moved hear because the land was not accommodated in 1997 only 2 tap 5 dollar per month for water,"Electricity, Waterdrainage, Sanitationsewage, Other, Housing, Electricity, Waterdrainage, Sanitationsewage, Other, Housing","12,480",4168,None,"declared, legal, protected",N/A,NA,"1:2,496",N/A,11,N/A,"1:2,496",no,100,1,Disorganized deposit,dirt paths,"Bus, Taxi, Walking",5,Yes,other,none,other,"Tb, Hiv, Malaria, Diarrhrea",yes,more than 1 hour,yes,more than 1 hour,yes,more than 1 hour,"Playground, Informalmarkets, Churches"
https://sdinet.org/settlement/163997/10366765,Namibia,Windhoek,Goreangab Settlement,2010,17-02-2016,History: Since we come in this location we don't have toilets electricity but we have this advantage that our settlement it is not overcrowded its open and easy to be developed,"Tenuresecurity, Waterdrainage, Sanitationsewage, Housing, Electricity, Tenuresecurity, Waterdrainage, Sanitationsewage, Housing, Electricity","5,150",1031,None,resettled,N/A,NA,1:1,N/A,6,N/A,1:858,no,149,N/A,Disorganized deposit,dirt paths,"Bus, Taxi, Bicycle",2,Yes,month,good,year,"Hiv, Tb, Diarrhrea, Other",yes,more than 1 hour,yes,more than 1 hour,yes,more than 1 hour,"Generalshops, Informalmarkets, Foodshops, Churches"
https://sdinet.org/settlement/163997/30881444,Namibia,22035_katima Mulilo,Makaravani east,1978,20-06-2018,History: It came when the construction company camped around here when they turned it into a campsite constructing telecom lines.,"Waterdrainage, Electricity, Housing, Other, Other, Waterdrainage, Electricity, Housing, Other, Other","3,962",572,None,N/A,N/A,NA,1:1,N/A,11,N/A,1:360,no,50,N/A,Disorganized deposit,dirt paths,"Car, Taxi, Walking",N/A,Yes,quaterly,bad,year,"Malaria, Hiv, Tb, Other",yes,Unknown,yes,more than 1 hour,yes,more than 1 hour,Carrepair
https://sdinet.org/settlement/163997/10366766,Namibia,Okahao,Omatsali Gakeendali,1964,14-12-2017,History: THIS SETTLEMENT WAS ESTABLISHED BY MR PHILLIPUS SHIIMBI IN 1964 WITH ONLY ONE SHOP AND PEOPLE STARTED COMING IN ONE BY ONE.,"Landtenure, Housing, Waterdrainage, Electricity, Sanitationsewage, Landtenure, Housing, Waterdrainage, Electricity, Sanitationsewage",342,120,None,"declared, legal, protected",N/A,4,1:57,Pit latrine,218,"3,",1:114,yes,450,1,Common area inside settlement,dirt paths,"Bicycle, Walking",N/A,N/A,month,average,N/A,"HIV/AIDS, TB, MENTAL DISEASE, MALARIA",yes,Unknown,yes,30 minutes to 1 hour,yes,30 minutes to 1 hour,"Furnitureshops, Carrepair"
https://sdinet.org/settlement/163997/10366764,Namibia,Outjo,Soweto 1,2016,14-01-2018,History: It was the pushes which we clean ourselves and in the begining  we buy water at the nearest water point,"Waterdrainage, Sanitationsewage, Housing, Other, Other, Waterdrainage, Sanitationsewage, Housing, Other, Other","1,225",246,None,"declared, legal, protected",N/A,NA,1:1,N/A,N/A,N/A,N/A,yes,N/A,N/A,Individual bins,dirt paths,Taxi,10,Yes,never,good,year,"BP, Ashma, Ramatics, Aids",N/A,Unknown,yes,more than 1 hour,yes,more than 1 hour,"Informalmarkets, Churches"
https://sdinet.org/settlement/163997/10366769,Namibia,Oshikango,17 Location,1970,15-12-2017,History: The first people came here because the settlements / village  where they use to  live got  flooded,"Housing, Waterdrainage, Sanitationsewage, Waterdrainage, Other, Housing, Waterdrainage, Sanitationsewage, Waterdrainage, Other","1,500",500,high,"declared, legal, protected",N/A,NA,1:1,N/A,N/A,N/A,N/A,no,200,N/A,Disorganized deposit,dirt paths,"Taxi, Walking",9,Yes,other,good,other,"Malaria, Diarrhea, Flu & cold, Manutlation",yes,more than 1 hour,yes,more than 1 hour,yes,more than 1 hour,Churches
https://sdinet.org/settlement/163997/28320222,Namibia,22030_divundu,Mahango,1970,23-04-2018,History: At first the place had bushes all over and houses were very few . it only had two houses.,"Tenuresecurity, Waterdrainage, Sanitationsewage, Housing, Electricity, Tenuresecurity, Waterdrainage, Sanitationsewage, Housing, Electricity","2,000",555,None,resettled,19,"19,Broken toilets:0",1:105,N/A,100,"100,",1:20,yes,4055,1,Disorganized deposit,gravel roads,"Taxi, Bicycle, Walking",4,Yes,bi_annually,good,bi_annually,"Malaria, Tb, Diarrhrea, Hiv",yes,Unknown,yes,more than 1 hour,yes,more than 1 hour,"Churches, Carrepair"
https://sdinet.org/settlement/163997/28275178,Namibia,22031_oniipa,Okalunga,1969,20-04-2018,"History: It was found in 1969, it was an area surrounded by palm trees","Sanitationsewage, Tenuresecurity, Electricity, Waterdrainage, Housing, Sanitationsewage, Tenuresecurity, Electricity, Waterdrainage, Housing",285,69,None,"declared, legal, protected",5,"5,Broken toilets:0",1:57,Flush,10,"10,",1:29,yes,311,N/A,Disorganized deposit,dirt paths,"Taxi, Walking",N/A,N/A,never,average,never,"Tb, Hiv, Malaria, Diarrhrea",yes,more than 1 hour,yes,more than 1 hour,yes,more than 1 hour,N/A
https://sdinet.org/settlement/163997/10366718,Namibia,Eenhana,Tulipamwe,1995,14-01-2018,History: First when they came to settle there open market was build. Then Municipality brought water and electricity as well as houses and small businesses.,"Housing, Sanitationsewage, Electricity, Landtenure, Waterdrainage, Housing, Sanitationsewage, Electricity, Landtenure, Waterdrainage",666,228,medium,"declared, legal, protected",100,"100,Broken toilets:0",1:6,Flush,100,"150,",1:3,yes,50,1,Common area inside settlement,gravel roads,"Taxi, Walking",1,Yes,month,good,month,"Cough, Malaria, Chicken pox, Measles",yes,30,yes,30,yes,30,"Informalmarkets, Foodshops, Furnitureshops, Churches, Communications"
https://sdinet.org/settlement/163997/29796923,Namibia,22031_oniipa,Okalevona (Olevona),1987,29-06-2018,"History: Levon C a company that was doing construction and people started selling food to the workers, from there people started saying they going to kalevona","Waterdrainage, Electricity, Sanitationsewage, Housing, Other, Waterdrainage, Electricity, Sanitationsewage, Housing, Other","2,810",600,None,"undeclared, illegal, unprotected",40,"40,Broken toilets:0",1:70,Pit latrine,25,"25,",1:112,yes,100,N/A,Disorganized deposit,dirt paths,"Car, Walking",4,Yes,bi_annually,good,quaterly,"Malaria, Diarrhrea, Hiv, Tb",yes,more than 1 hour,yes,more than 1 hour,yes,more than 1 hour,"Generalshops, Churches"
https://sdinet.org/settlement/163997/27867181,Namibia,22032_ondangwa,Ondiyala,2001,22-03-2018,"History: People has settle at the oupopo location where they had settled and moved over the water body and resided ondiyala, which means i blame myself from morning away from others free","Other, Other, Waterdrainage, Sanitationsewage, Other, Other, Waterdrainage, Sanitationsewage","1,504",406,None,"declared, legal, protected",200,"0,Broken toilets:200",1:1,Flush,200,"200,",1:8,yes,80,1,Individual bins,dirt paths,"Taxi, Walking",N/A,Yes,month,average,year,"Other, Malaria, Diarrhrea, Hiv",no,Unknown,no,Unknown,no,Unknown,Churches
https://sdinet.org/settlement/163997/10366720,Namibia,Ongwediwa,New Reception,1994,15-12-2017,History: They relocated from a place where Jose do Santos campus is build now. UNAM of Engineering.,"Waterdrainage, Waterdrainage, Sanitationsewage, Electricity, Housing, Waterdrainage, Waterdrainage, Sanitationsewage, Electricity, Housing",528,135,None,"declared, legal, protected",126,"126,Broken toilets:0",1:4,Flush,126,"126,",1:4,yes,400,2,Common area inside settlement,gravel roads,"Taxi, Bicycle, Walking",1,Yes,month,good,month,"TB, HIV/AIDS, Measles, Malaria",yes,more than 1 hour,yes,more than 1 hour,yes,more than 1 hour,Foodshops
https://sdinet.org/settlement/163997/28323803,Namibia,Windhoek,One Nation C,1994,06-08-2018,"History: People came from ombili, okuyangava , hakahana . people got tired of renting so they come to clean the place one nation for them.","Sanitationsewage, Electricity, Tenuresecurity, Housing, Waterdrainage, Sanitationsewage, Electricity, Tenuresecurity, Housing, Waterdrainage","14,150",571,None,"undeclared, illegal, unprotected",N/A,NA,1:1,N/A,7,N/A,"1:2,021",no,150,1,Common area inside settlement,gravel roads,"Car, Taxi",3,Yes,month,average,bi_annually,"Diarrhrea, Hiv, Tb, Other",yes,30 minutes to 1 hour,yes,30 minutes to 1 hour,yes,more than 1 hour,"Generalshops, Churches"
https://sdinet.org/settlement/163997/10366722,Namibia,Khorixas,Mahedago,2000,13-01-2018,History: Very dark location without any toilets,"Housing, Waterdrainage, Sanitationsewage, Housing, Waterdrainage, Sanitationsewage",376,97,None,"declared, legal, protected",N/A,NA,1:1,N/A,2,N/A,1:376,yes,20,N/A,Disorganized deposit,dirt paths,Walking,1,N/A,never,none,never,"Bp, Hiv, Tb, Asma",yes,more than 1 hour,yes,more than 1 hour,yes,more than 1 hour,Informalmarkets
https://sdinet.org/settlement/163997/10366692,Namibia,Windhoek,Okandundu,1990,08-11-2017,History: To be up dated,"Landtenure, Electricity, Waterdrainage, Sanitationsewage, Housing, Landtenure, Electricity, Waterdrainage, Sanitationsewage, Housing","2,685",542,low,"declared, legal, protected",N/A,NA,1:671,N/A,6,N/A,1:671,no,50,4,Common area inside settlement,dirt paths,"Bus, Taxi",-1,Yes,month,bad,never,TB,yes,15 minutes,yes,15 minutes,yes,more than 1 hour,Generalshops
https://sdinet.org/settlement/163997/10366724,Namibia,Mariental,Donkerhoek,2005,19-06-2018,"History: The location came about when people used to live in river beds, thus the municipality relocated the people to Donkerhoek. Others moved  from Takarania to Donkerhoek.","Sanitationsewage, Other, Tenuresecurity, Housing, Other, Sanitationsewage, Other, Tenuresecurity, Housing, Other","1,911",275,high,"declared, legal, protected",3,"3,Broken toilets:0",1:637,Flush,3,"273,",1:7,yes,300,1,Common area outside settlement,gravel roads,"Taxi, Walking",1,N/A,never,good,year,"Diarrhrea, Hiv, Tb, Other",yes,30 minutes,yes,30 minutes,yes,30 minutes to 1 hour,Churches
https://sdinet.org/settlement/163997/10366800,Namibia,Okongo,Hainyavela,1989,13-01-2018,"History: There was no electricity and toilets, no gravel roads and street lights.","Housing, Waterdrainage, Sanitationsewage, Electricity, Housing, Waterdrainage, Sanitationsewage, Electricity",296,91,high,resettled,N/A,NA,1:1,N/A,N/A,N/A,N/A,yes,30,2,Individual bins,gravel roads,Walking,1,Yes,month,good,month,"HIV, Runnimg nose and coughing, TB, Malaria",yes,Unknown,yes,Unknown,yes,Unknown,N/A
https://sdinet.org/settlement/163997/10366770,Namibia,Fransfontein,Donkerhoek,1992,13-01-2018,"History: Location is very dark..there is peace in the location,its dark but we take care of each other","Housing, Sanitationsewage, Electricity, Waterdrainage, Other, Housing, Sanitationsewage, Electricity, Waterdrainage, Other",750,250,None,"declared, legal, protected",N/A,NA,1:1,N/A,25,"25,",1:30,no,42,N/A,Disorganized deposit,dirt paths,Walking,N/A,N/A,never,N/A,never,"BP, Flu, Hiv, Fever",yes,30 minutes to 1 hour,yes,30 minutes to 1 hour,no,Unknown,N/A
https://sdinet.org/settlement/163997/10366726,Namibia,Khosis,Vaal Lokasie,1967,14-01-2018,History: It was an odendaal farm that the goverment bought,"Waterdrainage, Sanitationsewage, Housing, Landtenure, Electricity, Waterdrainage, Sanitationsewage, Housing, Landtenure, Electricity","2,550",42,None,"undeclared, illegal, unprotected",N/A,6,1:425,N/A,22,"22,",1:116,yes,200,N/A,Common area outside settlement,N/A,"Motorbike, Other",N/A,Yes,month,average,month,"HBP, Diabetes, TB, AIDS",yes,Unknown,N/A,Unknown,N/A,Unknown,Churches
https://sdinet.org/settlement/163997/10366695,Namibia,Windhoek,Okahandja Park,2000,14-12-2017,History: Resettled by Municipality,"Landtenure, Waterdrainage, Sanitationsewage, Electricity, Housing, Landtenure, Waterdrainage, Sanitationsewage, Electricity, Housing","2,208",561,None,resettled,N/A,NA,1:1,N/A,N/A,N/A,N/A,no,100,2,Disorganized deposit,dirt paths,"Bus, Car, Taxi",N/A,Yes,month,good,year,"Meningitis, TB, Diarhoa, Meusles",yes,1,yes,Unknown,yes,3,N/A
https://sdinet.org/settlement/163997/10366773,Namibia,Oshakati,Evululuko,1969,10-03-2017,History: DURING THE APARTHEID TIME THE PLACE WAS CALLED OMASHSHAKA BECAUSE THE FIRST PEOPLE TO SETTLE THERE WERE ANGOLIANS. WHEN THE COUNTRY GOT INDEPENDENCE  NAMIBIANS FROM DIFFERENT PARTS OF THE COUNTRY CAME  AND SETTLED AND NAMED IT EVULULUKO WHICH MEANS NOW WE CAN REST.,"Waterdrainage, Tenuresecurity, Other, Sanitationsewage, Other, Waterdrainage, Tenuresecurity, Other, Sanitationsewage, Other","12,800",3337,None,"declared, legal, protected",1000,"1000,Broken toilets:0",1:12,Flush,1,"170,",1:75,yes,350,1,Common area inside settlement,gravel roads,"Taxi, Bicycle, Walking",3,Yes,month,none,never,"Hiv, Diarrhrea, Tb, Malaria",yes,more than 1 hour,yes,30 minutes,yes,more than 1 hour,"Generalshops, Foodshops, Clothingshops, Furnitureshops, Churches, Communications, Carrepair"
https://sdinet.org/settlement/163997/10366699,Namibia,Duineveld,camp,1981,12-01-2018,History: Unknown,"Housing, Landtenure, Waterdrainage, Electricity, Sanitationsewage, Housing, Landtenure, Waterdrainage, Electricity, Sanitationsewage",128,32,None,"not, applicable",N/A,NA,1:1,N/A,12,N/A,N/A,N/A,50,N/A,Common area inside settlement,N/A,"Train, Bicycle, Walking",N/A,N/A,year,average,year,N/A,no,Unknown,N/A,Unknown,N/A,Unknown,Churches
https://sdinet.org/settlement/163997/10366806,Namibia,Outjo,Kamp 5,2004,13-01-2018,History: Just stay at peoples houses rent around that is why weduild in this settlement,"Sanitationsewage, Electricity, Housing, Waterdrainage, Other, Sanitationsewage, Electricity, Housing, Waterdrainage, Other",670,135,None,"declared, legal, protected",N/A,NA,1:1,N/A,N/A,N/A,1:168,no,50,N/A,Individual bins,gravel roads,Walking,N/A,Yes,year,good,month,"High Blood Pressure, Ashma, Diabetis, HIV AIDS",N/A,Unknown,N/A,Unknown,yes,more than 1 hour,Foodshops
https://sdinet.org/settlement/163997/10366776,Namibia,Fransfontein,Vyfrand,2011,15-01-2018,History: Village Council moved people here. 3 water taps were provided but only 1 is working; there are toilets.,"Electricity, Housing, Landtenure, Electricity, Housing, Landtenure","1,044",354,None,"declared, legal, protected",N/A,NA,1:1,Ecosan,N/A,N/A,N/A,no,N/A,N/A,N/A,N/A,"Bicycle, Walking",N/A,N/A,N/A,none,N/A,N/A,no,Unknown,no,Unknown,no,Unknown,Generalshops
https://sdinet.org/settlement/163997/24046294,Namibia,Windhoek,Middel Klings,2018,14-01-2018,"History: When they came here there were just few houses, people came from different locations","Sanitationsewage, Waterdrainage, Electricity, Sanitationsewage, Sanitationsewage, Waterdrainage, Electricity, Sanitationsewage","4,448",1136,None,"undeclared, illegal, unprotected",N/A,NA,1:1,N/A,N/A,N/A,N/A,yes,N/A,N/A,Common area inside settlement,gravel roads,"Bus, Bicycle",2,Yes,month,average,month,"Malaria, Tb, Hiv, Diarrhrea",yes,30 minutes,yes,30 minutes,no,Unknown,N/A
https://sdinet.org/settlement/163997/10366778,Namibia,Windhoek,Tweetheni,2001,08-11-2017,History: The settlement is situated between Okahandja park and Golgota. We came here from different settlements and we named our settlement Tweetheni because we tired of moving around.,"Landtenure, Sanitationsewage, Housing, Electricity, Waterdrainage, Landtenure, Sanitationsewage, Housing, Electricity, Waterdrainage","1,850",373,None,"declared, legal, protected",N/A,NA,1:463,N/A,8,N/A,1:231,no,120,"""0""",Disorganized deposit,tarred roads,"Bus, Taxi",2,Yes,month,good,month,"TB, HIV",yes,more than 1 hour,yes,more than 1 hour,yes,more than 1 hour,N/A
https://sdinet.org/settlement/163997/10366809,Namibia,Windhoek,Okahandja Park B,1992,08-11-2017,History: We were first settled at single quarters but due to overcrowding and not being able to pay rent the municipality moved us to this area where we are residing now.,"Landtenure, Sanitationsewage, Electricity, Waterdrainage, Housing, Landtenure, Sanitationsewage, Electricity, Waterdrainage, Housing","1,675",336,high,"declared, legal, protected",N/A,NA,1:1,N/A,N/A,N/A,N/A,no,40,1,Common area inside settlement,gravel roads,"Bus, Taxi, Walking",2,Yes,other,bad,never,"Coughing, Headache, Diarrhoea, High blood pressure",yes,30,yes,30,yes,120,Churches
https://sdinet.org/settlement/163997/10366697,Namibia,Outjo,Okakango,1970,13-01-2018,History: They take distance to correct water,"Waterdrainage, Sanitationsewage, Housing, Landtenure, Electricity, Waterdrainage, Sanitationsewage, Housing, Landtenure, Electricity","2,000",NaN,None,"declared, legal, protected",N/A,NA,1:1,Flush,5,N/A,N/A,no,N/A,N/A,Disorganized deposit,dirt paths,"Taxi, Walking",N/A,Yes,month,average,month,"TB, Cold and flu, Diarrhea, Malaria",N/A,Unknown,N/A,Unknown,N/A,Unknown,"Generalshops, Foodshops"
https://sdinet.org/settlement/163997/27868347,Namibia,22031_oniipa,Okakwiyu,1972,14-04-2018,History: People where chased away from Omakulukuma -Oluno and settled in okakwiyu.,"Waterdrainage, Housing, Electricity, Waterdrainage, Sanitationsewage, Waterdrainage, Housing, Electricity, Waterdrainage, Sanitationsewage","1,704",346,None,"declared, legal, protected",150,"150,Broken toilets:0",1:11,Flush,N/A,N/A,N/A,yes,383,1,Common area inside settlement,dirt paths,"Taxi, Walking",1,Yes,month,average,year,"Hiv, Tb, Diarrhrea, Malaria",yes,more than 1 hour,yes,more than 1 hour,yes,more than 1 hour,N/A
https://sdinet.org/settlement/163997/10366775,Namibia,Okakarara,Okatumba,1972,14-01-2018,History: When they came here they started off with a small group called Ongava. They had an FH for people from Botswana.,"Waterdrainage, Landtenure, Sanitationsewage, Electricity, Housing, Waterdrainage, Landtenure, Sanitationsewage, Electricity, Housing","2,905",426,None,"declared, legal, protected",N/A,NA,1:1,N/A,3,"1,",1:726,no,900,N/A,Disorganized deposit,dirt paths,"Taxi, Motorbike, Walking",N/A,Yes,never,average,year,"FLU, Diarrhoea, HBP, TB and AIDS",yes,more than 1 hour,yes,more than 1 hour,yes,more than 1 hour,"Generalshops, Foodshops, Churches"
https://sdinet.org/settlement/163997/10366771,Namibia,Tsandi,Okoko,1972,14-12-2017,History: Near by their homestead for business purpose and accommodation,"Landtenure, Waterdrainage, Sanitationsewage, Housing, Electricity, Landtenure, Waterdrainage, Sanitationsewage, Housing, Electricity",230,55,None,resettled,N/A,NA,1:1,N/A,N/A,N/A,N/A,no,N/A,N/A,Disorganized deposit,dirt paths,Walking,8,Yes,year,good,month,"Hiv/Aids, Malaria",yes,Unknown,yes,Unknown,yes,Unknown,"Generalshops, Foodshops, Clothingshops, Communications"
https://sdinet.org/settlement/163997/28272177,Namibia,22031_oniipa,Onethindi,1978,20-04-2018,History: It was a village for mahangu field and one cucashop.,"Tenuresecurity, Housing, Sanitationsewage, Waterdrainage, Electricity, Tenuresecurity, Housing, Sanitationsewage, Waterdrainage, Electricity","8,000",2504,None,"declared, legal, protected",350,"350,Broken toilets:0",1:23,Flush,300,"300,",1:27,yes,1825,1,Disorganized deposit,dirt paths,"Taxi, Walking",1,Yes,year,average,year,"Other, Diarrhrea, Tb, Hiv",yes,more than 1 hour,yes,more than 1 hour,yes,more than 1 hour,"Generalshops, Informalmarkets, Foodshops, Clothingshops, Carrepair"
https://sdinet.org/settlement/163997/17039332,Namibia,Outapi,Oshima Village,2004,20-06-2017,History: The settlement was under Town Council.,"Sanitationsewage, Waterdrainage, Housing, Electricity, Tenuresecurity, Sanitationsewage, Waterdrainage, Housing, Electricity, Tenuresecurity",141,63,medium,"declared, legal, protected",18,"18,Broken toilets:0",1:8,Pit latrine,4,N/A,1:35,yes,24,2,Common area outside settlement,gravel roads,"Taxi, Walking",N/A,Yes,bi_annually,average,year,"Malaria, Tb, Diarrhrea, Hiv",yes,30 minutes to 1 hour,yes,more than 1 hour,yes,more than 1 hour,Carrepair
https://sdinet.org/settlement/163997/15607041,Namibia,Outapi,Tobias Hainyeko,2014,18-03-2017,"History: Most people have Electricity, water and toilets","Sanitationsewage, Waterdrainage, Tenuresecurity, Housing, Other, Sanitationsewage, Waterdrainage, Tenuresecurity, Housing, Other","1,208",312,None,"declared, legal, protected",1,"1,Broken toilets:0",1:37,Flush,15,"50,",1:19,yes,277,2,Common area outside settlement,gravel roads,"Taxi, Walking",N/A,Yes,bi_annually,average,bi_annually,"Malaria, Tb, Diarrhrea, Hiv",yes,30 minutes to 1 hour,yes,30 minutes to 1 hour,yes,30 minutes to 1 hour,"Playground, Churches"
https://sdinet.org/settlement/163997/24030111,Namibia,Okongo,Hainyavela,1989,14-01-2018,"History: There was no electricity and toilets, no gravel roads and street lights.","Housing, Waterdrainage, Sanitationsewage, Electricity, Housing, Waterdrainage, Sanitationsewage, Electricity",296,91,high,resettled,N/A,NA,1:1,N/A,N/A,N/A,N/A,yes,30,2,Individual bins,gravel roads,Walking,1,Yes,month,good,month,"HIV, Runnimg nose and coughing, TB, Malaria",yes,Unknown,yes,Unknown,yes,Unknown,N/A
https://sdinet.org/settlement/163997/27896091,Namibia,22032_ondangwa,Omakulukuma,1980,14-04-2018,"History: Omukuluma comes on when people moves from a nearby location called uuhonga in skatete village, to come and reside near the town for better living condition.","Tenuresecurity, Sanitationsewage, Electricity, Waterdrainage, Other, Tenuresecurity, Sanitationsewage, Electricity, Waterdrainage, Other","2,092",529,None,"declared, legal, protected",51,"41,Broken toilets:10",1:51,Flush,400,"400,",1:5,yes,233,1,Individual bins,dirt paths,"Taxi, Walking",N/A,Yes,year,average,year,"Diarrhrea, Other, Tb, Hiv",yes,15 minutes,yes,15 minutes,yes,30 minutes to 1 hour,N/A
https://sdinet.org/settlement/163997/30892205,Namibia,22035_katima Mulilo,Dairy,1976,21-06-2018,History: It was the village of Mr Butungu Peter. When the forestry workers came the village became a compound which they named dairy.,"Waterdrainage, Housing, Sanitationsewage, Electricity, Other, Waterdrainage, Housing, Sanitationsewage, Electricity, Other","15,892",565,None,"declared, legal, protected",N/A,NA,1:1,N/A,N/A,N/A,N/A,no,60,N/A,Disorganized deposit,dirt paths,"Taxi, Walking",N/A,Yes,other,bad,other,"Hiv, Tb, Malaria, Other",yes,more than 1 hour,yes,more than 1 hour,yes,more than 1 hour,"Churches, Carrepair"
https://sdinet.org/settlement/163997/10366730,Namibia,Fransfontein,Oorsee,1950,04-10-2017,History: Its an old location build by our great grand parents its a peaceful location,"Housing, Waterdrainage, Sanitationsewage, Electricity, Other, Housing, Waterdrainage, Sanitationsewage, Electricity, Other",750,150,None,"declared, legal, protected",N/A,NA,1:1,N/A,20,"20,",1:38,no,50,N/A,Common area inside settlement,dirt paths,Walking,N/A,N/A,never,none,never,"HBP, HIV, TB, Malaria",yes,5 minutes,yes,5 minutes,no,Unknown,N/A
https://sdinet.org/settlement/163997/10366733,Namibia,Outjo,7 De Laan,2008,14-01-2018,History: No place to stay that is why we decided to locate new plots for us.,"Electricity, Housing, Sanitationsewage, Housing, Other, Electricity, Housing, Sanitationsewage, Housing, Other","1,221",NaN,None,"declared, legal, protected",N/A,NA,1:1,N/A,N/A,N/A,N/A,no,50,N/A,Disorganized deposit,N/A,Walking,N/A,Yes,never,good,month,"TB, HIV-AIDS, Epilesy, Ashma",N/A,Unknown,N/A,Unknown,yes,more than 1 hour,Churches
https://sdinet.org/settlement/163997/10366734,Namibia,Opuwo,Etati,1972,05-10-2017,History: People move in this location because of the the kids for school.its a peaceful location  without any robberies,"Electricity, Sanitationsewage, Waterdrainage, Housing, Landtenure, Electricity, Sanitationsewage, Waterdrainage, Housing, Landtenure","3,036",NaN,None,"undeclared, illegal, unprotected",N/A,NA,1:1,N/A,2,N/A,"1:1,518",no,40,N/A,Disorganized deposit,dirt paths,Walking,N/A,Yes,N/A,good,month,"TB, Asma, Malaria, Flu",no,Unknown,no,Unknown,yes,more than 1 hour,"Generalshops, Informalmarkets"
https://sdinet.org/settlement/163997/27904741,Namibia,22033_ruacana,Okondeta,1991,07-06-2018,History: Meme Ndahafa came here 1991 there was only three houses by then people strated putting up shacks,"Sanitationsewage, Housing, Waterdrainage, Other, Other, Sanitationsewage, Housing, Waterdrainage, Other, Other",936,299,None,"declared, legal, protected",50,"50,Broken toilets:0",1:19,Flush,35,"34,",1:28,yes,1200,2,Individual bins,tarred roads,"Taxi, Walking",N/A,Yes,bi_annually,average,bi_annually,"Diarrhrea, Malaria, Other, Other",yes,30 minutes to 1 hour,yes,30 minutes,no,Unknown,N/A
https://sdinet.org/settlement/163997/10366811,Namibia,Kamanjab,New land,2010,04-10-2017,History: Its a peaceful location and the location is unservices,"Waterdrainage, Housing, Sanitationsewage, Electricity, Other, Waterdrainage, Housing, Sanitationsewage, Electricity, Other","1,076",270,None,"not, applicable",N/A,90,1:12,Pit latrine,4,"4,",1:269,yes,200,N/A,Disorganized deposit,dirt paths,Walking,N/A,Yes,month,bad,month,"Aids, TB, Colds",yes,15 minutes,no,Unknown,no,Unknown,"Foodshops, Clothingshops, Churches"
https://sdinet.org/settlement/163997/10366659,Namibia,22028_okalongo,Onandjaba,1997,14-01-2018,"History: First people came to Okalongo for religious belief. there was one church, one clinic , one school and one kinder garden.","Landtenure, Housing, Waterdrainage, Sanitationsewage, Electricity, Landtenure, Housing, Waterdrainage, Sanitationsewage, Electricity","2,000",574,None,"declared, legal, protected",2,NA,1:1,Flush,130,N/A,N/A,yes,25,3,Common area outside settlement,gravel roads,"Taxi, Motorbike, Walking",N/A,Yes,other,good,other,"HIV/AIDS, Malaria, Tuberculosis",yes,Unknown,yes,Unknown,yes,more than 1 hour,"Banks, Policestations, Generalshops, Informalmarkets, Foodshops, Clothingshops, Churches"
https://sdinet.org/settlement/163997/10366738,Namibia,Kalkrand,Denkrus,1969,14-01-2018,"History: Firstly only basters settled here ,reasons why the gave the settlement under their surname","Tenuresecurity, Sanitationsewage, Waterdrainage, Sanitationsewage, Electricity, Tenuresecurity, Sanitationsewage, Waterdrainage, Sanitationsewage, Electricity",412,110,low,"declared, legal, protected",N/A,60,1:5,Flush,20,"60,",1:5,yes,250,N/A,Common area inside settlement,gravel roads,"Bicycle, Walking",1,Yes,year,bad,year,N/A,yes,30 minutes,no,Unknown,N/A,Unknown,"Policestations, Generalshops, Foodshops, Churches"
https://sdinet.org/settlement/163997/10366739,Namibia,Outjo,Ehangano,2007,13-01-2018,"History: We have been evicted from old location thats when we clean up the push and start building our houses, lack of toilets.","Waterdrainage, Electricity, Housing, Other, Waterdrainage, Waterdrainage, Electricity, Housing, Other, Waterdrainage","2,040",512,None,"declared, legal, protected",N/A,NA,1:1,N/A,2,N/A,"1:1,020",no,100,N/A,Disorganized deposit,dirt paths,Taxi,N/A,Yes,year,none,other,"DP, TB, Aids, Diabeties",N/A,Unknown,yes,more than 1 hour,yes,more than 1 hour,N/A
https://sdinet.org/settlement/163997/31471768,Namibia,220037_keetmanshoop,Ileni,2007,21-06-2018,History: The people make erven applications and they were given the erven by the municipality.,"Tenuresecurity, Waterdrainage, Sanitationsewage, Other, Other, Tenuresecurity, Waterdrainage, Sanitationsewage, Other, Other",648,217,None,"declared, legal, protected",30,"30,Broken toilets:0",1:22,N/A,N/A,"40,",1:9,no,100,1,Common area inside settlement,gravel roads,"Taxi, Walking",N/A,N/A,never,bad,never,"Tb, Hiv, Diarrhrea, Typhoid",yes,more than 1 hour,yes,more than 1 hour,yes,more than 1 hour,N/A
https://sdinet.org/settlement/163997/10366783,Namibia,Ongwediwa,Donkerhoek,2000,14-01-2018,History: They are relocated from Shikopi and Elyambala because they were settling at a business Area.,"Electricity, Sanitationsewage, Housing, Waterdrainage, Landtenure, Electricity, Sanitationsewage, Housing, Waterdrainage, Landtenure","1,195",239,None,resettled,N/A,NA,1:1,N/A,220,"220,",1:5,no,250,2,Common area inside settlement,dirt paths,"Taxi, Walking, Other",N/A,Yes,month,average,month,"TB, HIV/AIDS, Measles, Maralia",yes,more than 1 hour,yes,more than 1 hour,yes,more than 1 hour,N/A
https://sdinet.org/settlement/163997/10366817,Namibia,Opuwo,Katutura,1970,14-01-2018,"History: IN THE BIGINING WE WERE FIGHTING BECAUSE PEOPLE WANTS TO GRAP LAND FROM US ,BUT NOW THE LOCATION IS VERY PEACEFULL ALTHOUGHT WE DONT HAVE SERVICES","Waterdrainage, Sanitationsewage, Electricity, Landtenure, Waterdrainage, Waterdrainage, Sanitationsewage, Electricity, Landtenure, Waterdrainage",860,175,None,"declared, legal, protected",N/A,NA,1:1,N/A,3,N/A,1:287,yes,200,N/A,Disorganized deposit,dirt paths,"Taxi, Walking",1,Yes,year,average,year,"BP, TB, AIDS",N/A,Unknown,N/A,Unknown,yes,more than 1 hour,"Informalmarkets, Foodshops, Churches"
https://sdinet.org/settlement/163997/31095914,Namibia,220037_keetmanshoop,!Gereres,2012,20-06-2018,"History: They mobilize themselves as a community and then called for a meeting. so from there , they were showed where they will be relocated but those who refused to go they were forced with the police . They promised to give own erfs after 3 months but it has not happened up to now.","Tenuresecurity, Waterdrainage, Sanitationsewage, Housing, Electricity, Tenuresecurity, Waterdrainage, Sanitationsewage, Housing, Electricity","4,000",1002,None,"undeclared, illegal, unprotected",N/A,NA,"1:4,000",N/A,5,N/A,"1:4,000",no,50,N/A,Disorganized deposit,dirt paths,"Taxi, Bicycle, Walking",N/A,N/A,N/A,N/A,N/A,"Tb, Diarrhrea, Hiv, Other",yes,more than 1 hour,yes,more than 1 hour,yes,more than 1 hour,N/A
https://sdinet.org/settlement/163997/10366785,Namibia,Ariamsvlei,Vergenoeg,1970,13-01-2018,History: Came from different locations to settle in Ariamsvlei.,"Landtenure, Housing, Electricity, Waterdrainage, Other, Landtenure, Housing, Electricity, Waterdrainage, Other",640,39,None,"declared, legal, protected",34,"34,Broken toilets:0",1:19,Flush,N/A,N/A,N/A,yes,150,1,Individual bins,dirt paths,"Bus, Walking, Other",1,N/A,month,good,N/A,"Hiv and AIDS, Diabetes, High blood pressure, TB",yes,30 minutes,yes,30 minutes,yes,more than 1 hour,Foodshops
https://sdinet.org/settlement/163997/15704813,Namibia,Outapi,Okayekongwe Village,2010,18-03-2017,History: N/A,"Sanitationsewage, Electricity, Housing, Tenuresecurity, Other, Sanitationsewage, Electricity, Housing, Tenuresecurity, Other","1,228",308,None,"undeclared, illegal, unprotected",N/A,NA,1:82,N/A,12,"12,",1:51,no,N/A,2,Common area outside settlement,gravel roads,"Taxi, Walking",1,N/A,never,average,never,"Diarrhrea, Malaria, Tb, Hiv",yes,30 minutes,yes,30 minutes to 1 hour,yes,more than 1 hour,N/A
https://sdinet.org/settlement/163997/27898212,Namibia,Windhoek,Greenwell Matongo Main,1991,15-04-2018,History: When people returned from exile they had no where to settle so minister Albertina Amathila relocate us to this place to settle,"Electricity, Housing, Tenuresecurity, Waterdrainage, Electricity, Electricity, Housing, Tenuresecurity, Waterdrainage, Electricity","7,935",1589,medium,"undeclared, illegal, unprotected",476,"476,Broken toilets:0",1:17,Flush,5,"476,",1:16,yes,100,1,Common area inside settlement,dirt paths,"Bus, Taxi",8,Yes,other,good,month,"Hiv, Other, Other, Tb",yes,30 minutes,yes,30 minutes,yes,30 minutes,"Policestations, Churches"
https://sdinet.org/settlement/163997/10366787,Namibia,Mariental,Ombili,1987,19-06-2018,"History: In the beginning, the area was a dumpsite. The people thus cleaned the area and constructed their houses.","Waterdrainage, Housing, Sanitationsewage, Tenuresecurity, Electricity, Waterdrainage, Housing, Sanitationsewage, Tenuresecurity, Electricity","10,976",784,None,"undeclared, illegal, unprotected",355,"355,Broken toilets:0",1:31,Flush,4,"7,","1:1,220",yes,150,1,Common area outside settlement,gravel roads,"Taxi, Walking",N/A,N/A,never,good,year,"Diarrhrea, Tb, Hiv, Other",yes,30 minutes to 1 hour,yes,more than 1 hour,yes,more than 1 hour,Churches
https://sdinet.org/settlement/163997/28170792,Namibia,Windhoek,One nation A,1993,28-08-2018,History: People came from different communities and came together at One Nation.,"Tenuresecurity, Electricity, Sanitationsewage, Other, Other, Tenuresecurity, Electricity, Sanitationsewage, Other, Other","5,188",1299,None,"undeclared, illegal, unprotected",N/A,NA,1:1,N/A,15,N/A,1:371,no,30,N/A,Skip,gravel roads,"Taxi, Walking",7,Yes,fortnighly,average,month,"Tb, Tb, Diarrhrea, Malaria",yes,more than 1 hour,yes,more than 1 hour,yes,more than 1 hour,Carrepair
https://sdinet.org/settlement/163997/31415156,Namibia,Mariental,Ombili own risk,2012,20-06-2018,History: An open area where they settled from ombili,"Tenuresecurity, Waterdrainage, Electricity, Sanitationsewage, Other, Tenuresecurity, Waterdrainage, Electricity, Sanitationsewage, Other","2,724",685,None,"declared, legal, protected",N/A,NA,1:1,N/A,3,N/A,N/A,no,150,1,Skip,gravel roads,"Taxi, Walking",N/A,Yes,never,average,never,"Malaria, Diarrhrea, Tb, Hiv",yes,more than 1 hour,yes,more than 1 hour,yes,30 minutes to 1 hour,Generalshops
https://sdinet.org/settlement/163997/31424194,Namibia,Mariental,Donkerhoek Informal Area,2013,20-06-2018,History: The settlers came together and decided to grab land.,"Electricity, Sanitationsewage, Waterdrainage, Other, Other, Electricity, Sanitationsewage, Waterdrainage, Other, Other","1,267",283,high,"undeclared, illegal, unprotected",N/A,NA,1:1,N/A,3,N/A,"1:1,267",no,150,N/A,Disorganized deposit,gravel roads,"Taxi, Walking",N/A,Yes,month,none,never,"Hiv, Tb, Other, Diarrhrea",yes,more than 1 hour,yes,more than 1 hour,yes,more than 1 hour,"Generalshops, Informalmarkets, Churches, Carrepair"
https://sdinet.org/settlement/163997/29784092,Namibia,22033_ruacana,Otjaandjamwenyo,2002,05-06-2018,History: The settlement there use to be war but the settlement started with only one house and then houses started and later developed in Otjaandjamwenyo,"Other, Sanitationsewage, Waterdrainage, Electricity, Sanitationsewage, Other, Sanitationsewage, Waterdrainage, Electricity, Sanitationsewage",332,109,None,"not, applicable",17,"17,Broken toilets:0",1:20,Pit latrine,1,"10,",1:30,yes,280,N/A,Disorganized deposit,dirt paths,"Taxi, Walking, Other",N/A,Yes,year,average,year,"Malaria, Hiv, Diarrhrea, Tb",yes,more than 1 hour,yes,more than 1 hour,yes,more than 1 hour,Churches
https://sdinet.org/settlement/163997/24050647,Namibia,Gobabis,Kannan A,2004,14-01-2018,"History: People were moved from wambo location because they were on the land that was earmarked for some other development and it used to be called Tswa first
it was found in 2004 after it was identified as a reception area by the Gobabis municipality","Sanitationsewage, Waterdrainage, Electricity, Housing, Sanitationsewage, Waterdrainage, Electricity, Housing","2,080",524,None,"declared, legal, protected",N/A,30,1:69,N/A,2,N/A,"1:1,040",yes,150,1,Individual bins,gravel roads,"Taxi, Walking",2,Yes,month,good,quaterly,"Malaria, Tb, Hiv, Diarrhrea",yes,30 minutes,yes,30 minutes,yes,30 minutes,Churches
https://sdinet.org/settlement/163997/10366813,Namibia,Eenhana,Ouholamo,1999,13-01-2018,History: Relocation of municipality,"Housing, Sanitationsewage, Electricity, Landtenure, Waterdrainage, Housing, Sanitationsewage, Electricity, Landtenure, Waterdrainage",388,111,medium,"undeclared, illegal, unprotected",N/A,NA,1:1,N/A,1,"10,",1:35,no,50,N/A,Disorganized deposit,N/A,"Car, Walking",N/A,Yes,year,average,year,"TB, Chicken pox, Measles, Wooping Cough",yes,120,yes,120,yes,120,N/A
https://sdinet.org/settlement/163997/10366662,N/A,N/A,N/A,1970,01-01-1970,History: N/A,N/A,N/A,N/A,None,N/A,N/A,NA,N/A,N/A,N/A,N/A,N/A,N/A,N/A,N/A,N/A,N/A,N/A,N/A,N/A,N/A,N/A,N/A,N/A,N/A,Unknown,N/A,Unknown,N/A,Unknown,N/A
https://sdinet.org/settlement/163997/17041161,Namibia,Outapi,Okasikili,2002,27-06-2017,History: The settlement was a village and further developed into a town.,"Sanitationsewage, Housing, Tenuresecurity, Electricity, Sanitationsewage, Sanitationsewage, Housing, Tenuresecurity, Electricity, Sanitationsewage",304,88,low,"declared, legal, protected",13,"13,Broken toilets:0",1:23,Pit latrine,11,"66,",1:4,yes,65,2,Common area outside settlement,dirt paths,"Taxi, Bicycle, Walking",N/A,N/A,never,average,year,"Malaria, Tb, Diarrhrea, Hiv",yes,more than 1 hour,yes,more than 1 hour,yes,more than 1 hour,N/A
https://sdinet.org/settlement/163997/10366664,Namibia,Okakarara,Otjikango Khomasdal,1969,15-12-2017,History: Due to the apartheid oppression the people where looking for land to reside on . this resulted in groups being established as otjimbumba (big group) and Okambumba(small group).,"Waterdrainage, Landtenure, Electricity, Sanitationsewage, Housing, Waterdrainage, Landtenure, Electricity, Sanitationsewage, Housing",900,302,None,"not, applicable",N/A,NA,1:1,N/A,N/A,N/A,N/A,no,500,N/A,Disorganized deposit,dirt paths,"Car, Taxi, Other",N/A,Yes,other,average,other,"TB, Blood Pressure, Diarhoea, Flue and cold",yes,Unknown,yes,Unknown,no,Unknown,N/A
