URL,Country name,City,Settlement,Established,Last updated,History,Priorities,Population,Structures,Eviction,Status,Total number of toilets seats,Toilet wrk,Working toilet seats to people,Types of toilets,Water tot,Water wrk,Water pp,Electric,Water Cost,Trash pw,Trash location,Road type,Trans type,Saving tot,Lead,Lead freq,City Relat,City freq,Diseases,Acc Clin,Time Clin,Acc aids,Time aids,Acc hosp,Time hosp,Facilities
https://sdinet.org/settlement/1859/52349171,Philippines,N/A,PUROK BARUNGOY,1970,10-06-2019,"History: SINCE THE BRGY. DAWIS IS LOCATED NEAR TO THE SEA, THE NAME OF PUROKS ARE AFTER THE NAME OF THE FISHES.","Tenuresecurity, Housing, Waterdrainage, Sanitationsewage, Other, Tenuresecurity, Housing, Waterdrainage, Sanitationsewage, Other",0,0,medium,N/A,9,"9,Broken toilets:0",1:0,Pour flush,N/A,N/A,N/A,yes,N/A,1,Skip,gravel roads,"Car, Motorbike, Walking",N/A,N/A,never,N/A,N/A,"Tb, Typhoid, Diarrhrea, Other",yes,5 minutes,no,Unknown,yes,30 minutes,N/A
https://sdinet.org/settlement/1859/26265759,Philippines,Davao,Purok 15 Golden Shower,1991,12-03-2018,History: Builed up an association for them to aquire a land acquisition.,"Tenuresecurity, Housing, Sanitationsewage, Tenuresecurity, Tenuresecurity, Tenuresecurity, Housing, Sanitationsewage, Tenuresecurity, Tenuresecurity",650,NaN,low,"undeclared, illegal, unprotected",130,"130,Broken toilets:0",1:5,Pour flush,130,"130,",1:5,yes,N/A,2,Common area inside settlement,tarred roads,Motorbike,4,Yes,month,average,month,"Other, Tb, Diarrhrea, Other",yes,30 minutes,yes,Unknown,yes,Unknown,N/A
https://sdinet.org/settlement/1859/15867032,Philippines,Malabon,Samahan Pagkakaisa ng Dumpsite Catmon,1999,22-05-2017,"History:  Previous dumpsite,fishfund,corn plantation, then many stakeholdres come to help them landfill the site with the help of the association member","Tenuresecurity, Waterdrainage, Housing, Electricity, Other, Tenuresecurity, Waterdrainage, Housing, Electricity, Other","1,113",178,None,"declared, legal, protected",159,"159,Broken toilets:0",1:7,Pour flush,159,"159,",1:7,yes,200,3,Common area inside settlement,tarred roads,"Car, Motorbike, Walking",N/A,Yes,week,good,month,"Tb, Diarrhrea, Other, Other",yes,30 minutes,yes,30 minutes,yes,more than 1 hour,"Generalshops, Furnitureshops"
https://sdinet.org/settlement/1859/15928445,Philippines,Malabon,PPA-People's Power Assn.,1986,13-05-2017,"History:  
Previously I water it, more garbage, smelly and with flies, no mound, no light, no water","Tenuresecurity, Waterdrainage, Sanitationsewage, Other, Other, Tenuresecurity, Waterdrainage, Sanitationsewage, Other, Other","1,425",287,None,"declared, legal, protected",285,"285,Broken toilets:0",1:5,Pour flush,N/A,N/A,N/A,yes,200,7,Common area outside settlement,N/A,"Taxi, Other",N/A,Yes,never,average,year,Tb,yes,30 minutes,no,Unknown,yes,30 minutes,"Informalmarkets, Churches"
https://sdinet.org/settlement/1859/10289046,Philippines,Iloilo,SAN ISIDRO-8 ZONE,1911,26-01-2016,History:  SAN ISIDRO WAS CREATED DURING THE PLEBISCITE OF 1911. IT HAS A TOTAL LAND AREA  166.24 HECTARES WHICH IS DIVIDED INTO 8 ZONES,"Tenuresecurity, Other, Sanitationsewage, Sanitationsewage, Other, Tenuresecurity, Other, Sanitationsewage, Sanitationsewage, Other","3,495",797,None,"declared, legal, protected",1,"1,Broken toilets:0","1:3,495",Pour flush,11,"11,",1:6,yes,250,2,Common area inside settlement,gravel roads,"Walking, Other",1,Yes,week,average,quaterly,"Other, Other",yes,Unknown,yes,Unknown,no,Unknown,N/A
https://sdinet.org/settlement/1859/15868054,Philippines,Malabon,Samahan sa Dulo ng Hernandez Inc. HOA (SDHI),1993,11-05-2017,History:  The location used to have stagnant water. The people living there was advised to start a community so they could request a motor pump to siphon the water.,"Tenuresecurity, Waterdrainage, Housing, Electricity, Tenuresecurity, Waterdrainage, Housing, Electricity",270,46,None,"declared, legal, protected",46,"46,Broken toilets:0",1:6,Flush,46,"46,",1:6,yes,N/A,3,Individual bins,dirt paths,"Motorbike, Bicycle, Walking",N/A,Yes,year,good,year,"Other, Diarrhrea, Other, Other",yes,15 minutes,no,Unknown,yes,more than 1 hour,"Generalshops, Communications, Carrepair"
https://sdinet.org/settlement/1859/26444533,Philippines,Davao,"Purok 19 San Gabriel, Mintal",1996,13-03-2018,"History: Military Reservation, More Residents are in the militaryFamily","Tenuresecurity, Waterdrainage, Other, Tenuresecurity, Tenuresecurity, Tenuresecurity, Waterdrainage, Other, Tenuresecurity, Tenuresecurity",600,183,None,"declared, legal, protected",150,"150,Broken toilets:0",1:4,Flush,100,"150,",1:4,yes,300,1,Common area inside settlement,tarred roads,Motorbike,3,Yes,month,average,year,"Other, Other, Other, Other",yes,30 minutes to 1 hour,yes,30 minutes to 1 hour,yes,30 minutes to 1 hour,"Playground, Generalshops, Foodshops, Clothingshops, Churches, Communications"
https://sdinet.org/settlement/1859/48801754,Philippines,Kidapawan,Purok Mangga,1970,17-07-2019,History: N/A,"Tenuresecurity, Waterdrainage, Waterdrainage, Electricity, Sanitationsewage, Tenuresecurity, Waterdrainage, Waterdrainage, Electricity, Sanitationsewage",205,50,None,"undeclared, illegal, unprotected",N/A,29,1:7,Pour flush,38,"12,",1:17,yes,300,2,Common area inside settlement,tarred roads,Walking,N/A,Yes,month,average,year,"Tb, Diarrhrea, Other",yes,30 minutes to 1 hour,no,Unknown,yes,10 minutes,N/A
https://sdinet.org/settlement/1859/15917482,Philippines,Malabon,Flordeliz Village HOA Phase 8 (FLOVI 8 ),1992,23-05-2017,"History: The location was once fishpond.
Most people in the community are from the province of Samar and Masbate, Bicol .
Increase of people who were granted land rights; some sold their land.
People could still fish back then because the water was clean.","Tenuresecurity, Waterdrainage, Electricity, Sanitationsewage, Other, Tenuresecurity, Waterdrainage, Electricity, Sanitationsewage, Other","1,605",268,None,"declared, legal, protected",N/A,187,1:9,Pour flush,215,"53,",1:6,yes,900,5,Disorganized deposit,tarred roads,"Bus, Motorbike, Other",1,Yes,month,good,never,"Other, Other, Other, Other",yes,30 minutes,no,Unknown,yes,30 minutes to 1 hour,"Generalshops, Informalmarkets, Foodshops, Clothingshops, Communications"
https://sdinet.org/settlement/1859/50478634,Philippines,Kidapawan,Purok Guyabano,1992,04-06-2019,"History: People living in this area before are farmers, the planted fruits and vegetables, but times goes by and the city was develop, they stop farming and they work in the city.","Tenuresecurity, Housing, Waterdrainage, Sanitationsewage, Tenuresecurity, Housing, Waterdrainage, Sanitationsewage",350,70,None,"undeclared, illegal, unprotected",34,"34,Broken toilets:0",1:8,Pour flush,11,"25,",1:10,yes,150,1,Common area outside settlement,tarred roads,Motorbike,N/A,Yes,month,good,month,"Other, Tb, Diarrhrea",yes,30 minutes to 1 hour,yes,30 minutes to 1 hour,yes,30 minutes to 1 hour,N/A
https://sdinet.org/settlement/1859/50290825,Philippines,Kidapawan,Purok Manga,1983,12-06-2019,History: N/A,"Tenuresecurity, Sanitationsewage, Housing, Tenuresecurity, Sanitationsewage, Housing",235,50,None,"undeclared, illegal, unprotected",47,"47,Broken toilets:0",1:5,Pour flush,38,"38,",1:6,yes,300,1,Common area inside settlement,tarred roads,"Motorbike, Walking",N/A,Yes,month,good,year,"Diarrhrea, Tb",yes,more than 1 hour,yes,more than 1 hour,yes,30 minutes to 1 hour,N/A
https://sdinet.org/settlement/1859/15944137,Philippines,Malabon,PARADISE VILLAGE PHASE 1,1992,23-05-2017,"History:  IN 1986, THIS LAND IS BEING FOUGHT BY IMELDA MARCOS &amp; CORY AQUINO. BEFORE, THIS WAS A FISHPOND AND WAS RECLAIMED DURING THE MARCOS REGIME. THROUGH BOY JEREMIAS MANY PEOPLE SETTLED HERE TOGETHER WITH THEIR RELATIVES AND SELL THE PLACES TO THE MEMBERS OF OUR SETTLEMENT.","Waterdrainage, Waterdrainage, Waterdrainage, Waterdrainage","1,480",296,None,"declared, legal, protected",2,"296,Broken toilets:-294",1:5,Pour flush,6,"290,",1:5,yes,500,6,Common area inside settlement,dirt paths,"Motorbike, Bicycle",N/A,Yes,quaterly,good,year,"Diarrhrea, Tb, Other, Other",yes,30 minutes,no,Unknown,yes,15 minutes,"Generalshops, Informalmarkets, Foodshops, Churches, Communications"
https://sdinet.org/settlement/1859/50468825,Philippines,Kidapawan,Tenorio Association,2011,23-06-2019,"History: Some families are evacuees from other municipality because they are affected by the war, and the place near the town center and mostly near their work.","Tenuresecurity, Housing, Sanitationsewage, Tenuresecurity, Housing, Sanitationsewage",126,21,None,"undeclared, illegal, unprotected",21,"21,Broken toilets:0",1:6,Pour flush,21,"21,",1:6,yes,200,2,Common area inside settlement,tarred roads,Motorbike,N/A,Yes,month,good,month,"Tb, Malaria, Other",yes,30 minutes,yes,30 minutes,yes,30 minutes,N/A
https://sdinet.org/settlement/1859/13238775,Philippines,N/A,SAMAHAN NG NAGKAKAISANG DAMDAMIN ISIP AT GAWA,2000,28-08-2016,"History:  Only Few Houses were build in this Community because of full of Lawn (Grass), no water and lights, it was not yet develop.","Waterdrainage, Electricity, Tenuresecurity, Other, Sanitationsewage, Waterdrainage, Electricity, Tenuresecurity, Other, Sanitationsewage",0,184,low,"declared, legal, protected",N/A,NA,1:1,Flush,N/A,N/A,N/A,yes,300,1,Common area outside settlement,tarred roads,"Taxi, Motorbike, Other",N/A,Yes,month,good,year,"Other, Other, Other, Other",yes,Unknown,no,Unknown,no,Unknown,"Playground, Informalmarkets, Foodshops, Churches, Communications, Carrepair"
https://sdinet.org/settlement/1859/49826280,Philippines,Davao,Purok 14,2004,10-03-2018,"History: The area was owned by NPC, most of the people living here are working at the NPC until others come even they are not working at NPC, because the area is near the center of Mintal.","Tenuresecurity, Sanitationsewage, Housing, Tenuresecurity, Sanitationsewage, Housing",720,325,low,"undeclared, illegal, unprotected",240,"240,Broken toilets:0",1:3,N/A,240,"240,",1:3,yes,N/A,1,Common area outside settlement,tarred roads,Motorbike,N/A,Yes,other,good,month,"Diarrhrea, Typhoid",yes,15 minutes,yes,more than 1 hour,yes,30 minutes,N/A
https://sdinet.org/settlement/1859/3046299,Philippines,Davao,San Juan Seaside Settlers Association (SAJUSSA),1998,24-07-2015,"History: 1997 fishermen build small huts for their fishing boat, and they have fishpond for Milkfish fingerling. Until it becomes open to all people even not a fishermen.","Tenuresecurity, Housing, Sanitationsewage, Waterdrainage, Other, Tenuresecurity, Housing, Sanitationsewage, Waterdrainage, Other",624,123,None,"undeclared, illegal, unprotected",123,"123,Broken toilets:0",1:5,Pour flush,123,"123,",1:5,yes,250,7,Common area outside settlement,tarred roads,"Car, Motorbike, Walking",1,Yes,other,average,other,"Diarrhrea, Typhoid, Other, Tb",yes,10 minutes,yes,more than 1 hour,yes,more than 1 hour,"Playground, Churches"
https://sdinet.org/settlement/1859/51462701,Philippines,N/A,Batag,2016,09-09-2019,History: This settlement called Batag because the people lives here came from Brgy. Bato and From Brgy. Tagabli. and this area owned by San Miguel Corporation.,"Tenuresecurity, Housing, Electricity, Sanitationsewage, Other, Tenuresecurity, Housing, Electricity, Sanitationsewage, Other",172,72,None,N/A,17,"17,Broken toilets:0",1:7,Pour flush,10,"19,",1:6,yes,90,N/A,Common area inside settlement,N/A,"Bus, Motorbike",N/A,Yes,month,average,month,"Other, Other, Diarrhrea, Other",no,Unknown,yes,15 minutes,N/A,Unknown,"Informalmarkets, Foodshops, Furnitureshops, Churches, Communications"
https://sdinet.org/settlement/1859/47467683,Philippines,Kidapawan,Purok Granada,2009,19-06-2019,"History: Most of the people works at the cementery, while others transfer from other place, they occupy the place because they heard it is a excess of memorial, and road right of way","Tenuresecurity, Housing, Sanitationsewage, Electricity, Waterdrainage, Tenuresecurity, Housing, Sanitationsewage, Electricity, Waterdrainage",205,38,medium,"undeclared, illegal, unprotected",24,"24,Broken toilets:0",1:8,Pour flush,14,"22,",1:6,yes,200,2,Common area inside settlement,tarred roads,Motorbike,N/A,Yes,N/A,good,month,"Tb, Diarrhrea, Typhoid",yes,30 minutes,no,Unknown,yes,30 minutes,Carrepair
https://sdinet.org/settlement/1859/56745041,Philippines,Davao,Castro Village,1968,13-12-2019,"History: Mr Castro owned the land, and he sells to the occupants.","Waterdrainage, Tenuresecurity, Housing, Waterdrainage, Tenuresecurity, Housing",236,59,None,"declared, legal, protected",59,"59,Broken toilets:0",1:4,Pour flush,59,"59,",1:4,yes,250,2,Common area inside settlement,dirt paths,"Motorbike, Other",1,Yes,year,good,month,"Other, Other, Tb, Diarrhrea",yes,15 minutes,yes,30 minutes to 1 hour,yes,30 minutes to 1 hour,N/A
https://sdinet.org/settlement/1859/31191792,Philippines,Davao,Purok 4,1980,05-05-2018,"History: Before, the name of the whole area was Bucana Trading after Barangay Captain Benedicto Grado was elected, he divided the whole community with the Barangay officials into puroks. Purok-4 have 2 associations because of three land owners (Villa-Abrille, Salcedo and the Government) naming CABOPHOA (Villa-Abrille)  and the other Association (Salcedo). Currently the land under the government has no association.","Waterdrainage, Tenuresecurity, Waterdrainage, Tenuresecurity",N/A,250,None,"undeclared, illegal, unprotected",248,"248,Broken toilets:0",1:0,Pour flush,248,"248,",1:0,yes,400,1,Individual bins,tarred roads,"Motorbike, Other",2,Yes,never,good,month,"Tb, Diarrhrea, Other, Other",yes,5 minutes,yes,more than 1 hour,yes,30 minutes,"Playground, Foodshops, Churches, Carrepair"
https://sdinet.org/settlement/1859/27322185,Philippines,Davao,Isla Tabok,2011,28-03-2018,History: People living along the river which is excess area of the NHA housing.,"Tenuresecurity, Housing, Waterdrainage, Sanitationsewage, Other, Tenuresecurity, Housing, Waterdrainage, Sanitationsewage, Other",620,157,None,"undeclared, illegal, unprotected",118,"118,Broken toilets:0",1:5,Pour flush,57,"98,",1:4,yes,440,1,Common area inside settlement,tarred roads,"Motorbike, Other",N/A,Yes,quaterly,good,month,"Diarrhrea, Tb, Other, Other",yes,30 minutes,yes,more than 1 hour,yes,Unknown,Churches
https://sdinet.org/settlement/1859/15739361,Philippines,Malabon,Sulit Bisig Neighborhood Association,1993,12-05-2017,"History: Before the Land is a fish fund Area ,by the help of the communities it looks good now","Tenuresecurity, Waterdrainage, Electricity, Housing, Tenuresecurity, Waterdrainage, Electricity, Housing","202,005",202,None,"declared, legal, protected",201,"201,Broken toilets:0","1:1,005",Pour flush,150,"150,","1:1,347",yes,500,7,Common area outside settlement,tarred roads,"Motorbike, Bicycle, Walking",1,Yes,month,good,bi_annually,"Other, Diarrhrea, Other, Other",yes,5 minutes,N/A,Unknown,yes,30 minutes,Furnitureshops
https://sdinet.org/settlement/1859/15739503,Philippines,Malabon,United People Neighborhood Association,2007,23-05-2017,History:  Before the place was full of water but when the organization was develop all members joined together to landfill the place until develop.,"Tenuresecurity, Electricity, Housing, Other, Waterdrainage, Tenuresecurity, Electricity, Housing, Other, Waterdrainage",552,92,None,"declared, legal, protected",92,"92,Broken toilets:0",1:6,Pour flush,95,"95,",1:6,no,50,1,Common area inside settlement,gravel roads,"Car, Other",1,Yes,month,good,other,"Diarrhrea, Other, Other, Other",yes,15 minutes,no,Unknown,yes,15 minutes,"Generalshops, Foodshops, Clothingshops, Communications"
https://sdinet.org/settlement/1859/26386720,Philippines,Davao,Purok 4,1975,14-03-2018,"History: Before, few people resided in the area until the place was developed and many people are coming to occupy the vacant land.","Housing, Tenuresecurity, Housing, Tenuresecurity","1,000",180,None,"undeclared, illegal, unprotected",180,"180,Broken toilets:0",1:6,Pour flush,180,"180,",1:6,yes,300,1,Individual bins,N/A,"Motorbike, Other",4,Yes,other,good,week,"Other, Other, Other, Other",yes,15 minutes,yes,15 minutes,yes,30 minutes,"Playground, Foodshops"
https://sdinet.org/settlement/1859/50288408,Philippines,Kidapawan,Purok 2,1994,26-06-2019,"History: They came from different areas, build their houses here because it is near from their work.","Tenuresecurity, Housing, Waterdrainage, Tenuresecurity, Housing, Waterdrainage",128,32,None,"undeclared, illegal, unprotected",32,"32,Broken toilets:0",1:4,Pour flush,32,"32,",1:4,yes,200,2,Common area inside settlement,tarred roads,Motorbike,N/A,Yes,month,good,month,"Typhoid, Other, Tb, Other",yes,more than 1 hour,yes,more than 1 hour,yes,more than 1 hour,N/A
https://sdinet.org/settlement/1859/15917892,Philippines,Malabon,Letre Urban People's Association HOA Phase 1,1998,23-05-2017,"History:  Alberto Ursilino, who became the first settlement president, organized the people and founded the community.","Tenuresecurity, Other, Other, Housing, Other, Tenuresecurity, Other, Other, Housing, Other","1,195",239,None,"declared, legal, protected",120,"120,Broken toilets:0",1:10,Pour flush,227,"227,",1:5,yes,200,N/A,Common area inside settlement,dirt paths,Motorbike,N/A,Yes,month,good,month,"Tb, Other, Other, Other",yes,30 minutes,N/A,Unknown,yes,30 minutes,"Generalshops, Foodshops, Communications"
https://sdinet.org/settlement/1859/15698361,Philippines,Malabon,Sunrise Catmon HOA,2012,10-05-2017,"History:  The area of the community was located next to a fishpond, then the fishpond had been filled with soil and people started building houses there.","Tenuresecurity, Waterdrainage, Electricity, Housing, Sanitationsewage, Tenuresecurity, Waterdrainage, Electricity, Housing, Sanitationsewage",715,159,None,"declared, legal, protected",158,"158,Broken toilets:0",1:5,Pour flush,2,"156,",1:5,no,200,7,Common area outside settlement,dirt paths,"Motorbike, Bicycle, Walking",N/A,Yes,month,good,month,"Other, Other, Other, Other",yes,15 minutes,no,Unknown,no,Unknown,Communications
https://sdinet.org/settlement/1859/52405409,Philippines,N/A,BAHOSFA- Btang home settlers fisher folks association,2014,24-05-2019,History: There were many logs arrived in this sitio which is called batang.,"Tenuresecurity, Housing, Waterdrainage, Sanitationsewage, Other, Tenuresecurity, Housing, Waterdrainage, Sanitationsewage, Other",268,203,medium,"undeclared, illegal, unprotected",47,"47,Broken toilets:0",1:4,Pour flush,17,"41,",1:5,yes,70,N/A,Common area inside settlement,dirt paths,"Motorbike, Walking, Other",N/A,Yes,month,good,bi_annually,"Other, Diarrhrea, Other, Other",yes,30 minutes,yes,30 minutes,yes,more than 1 hour,Churches
https://sdinet.org/settlement/1859/31573696,Philippines,Davao,BUNHOA,1990,14-04-2018,"History: Bucana is a biggest area in coastal, but the barangay clustered the area to easily identify and to manage easily.","Waterdrainage, Sanitationsewage, Tenuresecurity, Housing, Other, Waterdrainage, Sanitationsewage, Tenuresecurity, Housing, Other","1,024",258,medium,"undeclared, illegal, unprotected",241,"241,Broken toilets:0",1:4,Pour flush,249,"249,",1:4,yes,300,1,Common area inside settlement,tarred roads,Motorbike,N/A,Yes,month,good,other,"Diarrhrea, Tb, Typhoid, Other",yes,5 minutes,yes,more than 1 hour,yes,30 minutes to 1 hour,"Playground, Churches, Carrepair"
https://sdinet.org/settlement/1859/25986197,Philippines,Davao,Happy Times Neighborhood Association,1990,19-02-2018,History: The are is beach resort where fisherman their houses so they are near the sea until many people come and the sea is polluted,"Tenuresecurity, Housing, Other, Other, Other, Tenuresecurity, Housing, Other, Other, Other","1,025",208,low,"undeclared, illegal, unprotected",205,"205,Broken toilets:0",1:5,Pour flush,204,"204,",1:5,yes,300,7,Common area inside settlement,dirt paths,"Taxi, Motorbike, Other",N/A,Yes,month,good,fortnighly,"Other, Other, Other",yes,30 minutes,yes,more than 1 hour,yes,30 minutes to 1 hour,"Playground, Clothingshops, Churches"
https://sdinet.org/settlement/1859/15751630,Philippines,Malabon,Ang Bagong Samahan Kapit Bisig,1987,23-05-2017,History: Previously it is a fishpond,"Other, Other, Other, Other, Other, Other","8,480",NaN,None,"declared, legal, protected",711,"711,Broken toilets:0",1:12,Pour flush,711,"711,",1:12,yes,2000,7,Common area outside settlement,tarred roads,"Car, Motorbike, Other",N/A,Yes,month,good,week,"Tb, Diarrhrea, Other, Other",N/A,Unknown,N/A,Unknown,yes,30 minutes,N/A
https://sdinet.org/settlement/1859/15917520,Philippines,Malabon,Flordeliz Village HOA Phase 6,1986,12-05-2017,History:  Location used to be fishpond. The land caretaker paid the taxes and registered the land to Register of Deeds. Flordeliz Borja Gozon then inherit the land.,"Tenuresecurity, Housing, Waterdrainage, Electricity, Other, Tenuresecurity, Housing, Waterdrainage, Electricity, Other",930,186,None,"declared, legal, protected",149,"149,Broken toilets:0",1:5,Pour flush,56,"30,",1:8,yes,1020,3,Common area outside settlement,dirt paths,"Motorbike, Bicycle, Other",N/A,Yes,month,N/A,month,"Other, Diarrhrea, Other, Other",yes,10 minutes,no,Unknown,yes,30 minutes to 1 hour,"Generalshops, Communications"
https://sdinet.org/settlement/1859/26455403,Philippines,Davao,Purok 6- Aparis Compound,2013,15-03-2018,"History: Before, the only families resided in the area was Aparis Family that is why it named as a Aparis Compound. 
Until such time people came and occupy the vacant lot.","Waterdrainage, Tenuresecurity, Waterdrainage, Tenuresecurity",N/A,952,medium,"declared, legal, protected",480,"480,Broken toilets:0",1:0,Pour flush,5,"521,",1:0,yes,N/A,N/A,Common area inside settlement,tarred roads,Motorbike,N/A,N/A,N/A,N/A,N/A,"Diarrhrea, Other, Other, Other",yes,15 minutes,yes,15 minutes,yes,30 minutes to 1 hour,"Informalmarkets, Churches, Communications, Carrepair"
https://sdinet.org/settlement/1859/52349869,Philippines,N/A,PUROK TALAKITOK,1970,11-06-2019,History: ALL THE NAME OF PUROK IN THIS BRGY. IS CAME FROM THE NAME OF THE FISH.,"Housing, Sanitationsewage, Tenuresecurity, Waterdrainage, Tenuresecurity, Housing, Sanitationsewage, Tenuresecurity, Waterdrainage, Tenuresecurity",280,15,None,N/A,9,"9,Broken toilets:0",1:23,Pour flush,N/A,N/A,N/A,yes,N/A,1,Skip,tarred roads,"Bus, Motorbike, Walking",N/A,N/A,never,N/A,never,"Tb, Diarrhrea, Typhoid, Other",yes,10 minutes,no,Unknown,yes,30 minutes,N/A
https://sdinet.org/settlement/1859/15867330,Philippines,Malabon,Samahang Kapit Bisig ng Catmon Phase 1 HOA (SAKABICA),1994,13-05-2017,"History: The site had been a fishpond and then became a dumpsite. Few families started settling in and they created a community of their own.
(*note: The majority of Barangay Catmon had been a fishpond once, and then converted into a dumpsite.)","Tenuresecurity, Waterdrainage, Other, Other, Other, Tenuresecurity, Waterdrainage, Other, Other, Other",918,153,None,"declared, legal, protected",143,"143,Broken toilets:0",1:6,Pour flush,138,"138,",1:7,yes,700,5,Common area outside settlement,tarred roads,Motorbike,N/A,Yes,fortnighly,good,fortnighly,"Other, Other, Other, Other",yes,15 minutes,no,Unknown,yes,30 minutes to 1 hour,Communications
https://sdinet.org/settlement/1859/15929240,Philippines,Malabon,Malabon Peoples Village Homeowners Association Phase 1,1992,12-05-2017,History:  We are not from Catmon. We were from Togatog (also in Malabon City) but we were transferred here. We were not able to return to where we are before until this land where we are staying was taken out. So we remained here and did not wait anymore.,"Waterdrainage, Other, Other, Other, Other, Waterdrainage, Other, Other, Other, Other","1,818",303,None,"declared, legal, protected",308,"308,Broken toilets:0",1:6,Flush,303,"303,",1:6,yes,300,6,Common area inside settlement,N/A,"Motorbike, Other",1,Yes,bi_annually,good,other,"Diarrhrea, Tb, Other, Other",yes,15 minutes,no,Unknown,yes,more than 1 hour,"Generalshops, Foodshops, Clothingshops, Communications"
https://sdinet.org/settlement/1859/50035717,Philippines,Kidapawan,Purok 5,1953,20-08-2019,"History: The area is vacant, so the people occupied, but they found out that is was a road right of way.","Tenuresecurity, Housing, Tenuresecurity, Housing",212,54,None,"undeclared, illegal, unprotected",49,"49,Broken toilets:0",1:4,Pour flush,49,"49,",1:4,yes,220,1,Common area inside settlement,tarred roads,Other,N/A,Yes,other,good,other,"Diarrhrea, Other, Tb",yes,more than 1 hour,yes,more than 1 hour,yes,more than 1 hour,N/A
https://sdinet.org/settlement/1859/31575485,Philippines,Davao,Bolton Island,1970,23-04-2018,"History: Most of the occupants are fishermen but because it is nearest to the development many are coming to rent, but 70% of the land is private.","Waterdrainage, Other, Sanitationsewage, Housing, Other, Waterdrainage, Other, Sanitationsewage, Housing, Other",524,123,high,"declared, legal, protected",131,"131,Broken toilets:0",1:4,Pour flush,131,"131,",1:4,yes,300,7,Common area inside settlement,tarred roads,Motorbike,N/A,Yes,month,good,other,"Typhoid, Diarrhrea, Other, Other",yes,30 minutes,yes,more than 1 hour,yes,30 minutes,N/A
https://sdinet.org/settlement/1859/46913885,Philippines,Davao,PUROK 2 TAPAY,1980,07-06-2019,History: N/A,"Tenuresecurity, Housing, Tenuresecurity, Tenuresecurity, Tenuresecurity, Housing, Tenuresecurity, Tenuresecurity","1,122",420,None,"undeclared, illegal, unprotected",369,"369,Broken toilets:0",1:3,Flush,N/A,N/A,N/A,yes,375,1,Common area inside settlement,tarred roads,Motorbike,3,Yes,quaterly,average,quaterly,"Diarrhrea, Tb, Other, Other",yes,15 minutes,yes,15 minutes,yes,30 minutes,"Playground, Generalshops, Clothingshops, Communications, Carrepair"
https://sdinet.org/settlement/1859/31571671,Philippines,Davao,CABUPHOA,1980,21-04-2018,"History: Before it is a mangrove area, mostly fishermen are living in this area, but after many years the land was gradually increae and area becomes bigger until many people are coming and building their houses.","Tenuresecurity, Waterdrainage, Housing, Tenuresecurity, Waterdrainage, Housing","1,092",296,low,"undeclared, illegal, unprotected",273,"273,Broken toilets:0",1:4,Pour flush,273,"273,",1:4,yes,N/A,2,Common area inside settlement,tarred roads,Motorbike,N/A,Yes,month,good,month,"Other, Diarrhrea, Other",yes,5 minutes,yes,more than 1 hour,yes,more than 1 hour,"Playground, Informalmarkets, Churches, Carrepair"
https://sdinet.org/settlement/1859/46913886,Philippines,Davao,PUROK 5,1980,07-06-2019,"History: MINTAL POBLACION
RELOCATE SILA FROM PARKE
JAPANESE","Waterdrainage, Sanitationsewage, Housing, Sanitationsewage, Waterdrainage, Sanitationsewage, Housing, Sanitationsewage",426,178,None,"declared, legal, protected",1,"67,Broken toilets:-66",1:6,Flush,2,"69,",1:6,yes,500,N/A,Common area inside settlement,N/A,"Car, Motorbike, Walking",2,Yes,bi_annually,good,week,"Other, Diarrhrea, Other, Other",yes,10 minutes,yes,10 minutes,yes,30 minutes,N/A
https://sdinet.org/settlement/1859/46913888,Philippines,Davao,PUROK 10 BANDERA ESPANOLA,1970,07-06-2019,History: THROUGH THE TUYOD FAMILY 1ST PIONEERING IN THIS SETTLEMENT THEY SELL A PORTION OF LAND,"Tenuresecurity, Housing, Tenuresecurity, Tenuresecurity, Housing, Tenuresecurity, Housing, Tenuresecurity, Tenuresecurity, Housing","1,250",243,None,"undeclared, illegal, unprotected",250,"250,Broken toilets:0",1:5,Flush,250,"250,",1:5,yes,325,1,Common area inside settlement,tarred roads,"Taxi, Motorbike, Bicycle",1,Yes,N/A,N/A,month,"Diarrhrea, Tb, Other",yes,5 minutes,yes,5 minutes,yes,more than 1 hour,"Churches, Communications"
https://sdinet.org/settlement/1859/46913889,Philippines,Davao,purok 13,1980,07-06-2019,History: 1946 camp of japanese in WW2,"Housing, Waterdrainage, Other, Housing, Waterdrainage, Other",412,99,None,"declared, legal, protected",1,"86,Broken toilets:-85",1:5,Flush,2,"86,",1:5,yes,200,1,Common area inside settlement,N/A,"Car, Motorbike, Walking",N/A,Yes,month,good,quaterly,"Other, Diarrhrea, Other",yes,Unknown,yes,more than 1 hour,yes,15 minutes,"Foodshops, Communications"
https://sdinet.org/settlement/1859/2956500,Philippines,Davao,Jose Camus Extension of Barangay 9A,1950,15-07-2015,"History: People who are renting from neighboring place notice that the land is vacant and they heard that it was own by the government, so they decided to build structures.","Tenuresecurity, Housing, Sanitationsewage, Waterdrainage, Other, Tenuresecurity, Housing, Sanitationsewage, Waterdrainage, Other","1,340",95,None,"undeclared, illegal, unprotected",95,"95,Broken toilets:0",1:14,Pour flush,95,"95,",1:14,yes,300,7,Common area inside settlement,tarred roads,"Taxi, Walking, Other",1,Yes,month,good,other,"Other, Diarrhrea, Other, Typhoid",yes,5 minutes,no,Unknown,yes,10 minutes,"Playground, Firestations, Foodshops, Churches"
https://sdinet.org/settlement/1859/10289226,Philippines,Iloilo,Calumpang,1900,30-09-2015,History:  Oldest Bry,"Tenuresecurity, Housing, Waterdrainage, Sanitationsewage, Electricity, Tenuresecurity, Housing, Waterdrainage, Sanitationsewage, Electricity","14,000",4151,None,"undeclared, illegal, unprotected",2553,"2553,Broken toilets:0",1:5,Flush,N/A,N/A,N/A,yes,250,7,Common area inside settlement,gravel roads,Other,1,Yes,other,good,bi_annually,"Other, Diarrhrea, Tb, Other",yes,Unknown,no,Unknown,yes,Unknown,"Playground, Generalshops, Foodshops, Clothingshops, Furnitureshops, Churches, Carrepair"
https://sdinet.org/settlement/1859/31571672,Philippines,Davao,Purok 9 seawall,1980,16-04-2018,"History: Many people choose to live in this place because it is a government property, same with other purok the land is gradually increase as times go by. But late this year they know that a private person come and shows a title and claiming that he is the owner of the land.","Housing, Tenuresecurity, Waterdrainage, Other, Housing, Tenuresecurity, Waterdrainage, Other","1,250",254,None,"undeclared, illegal, unprotected",246,"246,Broken toilets:0",1:5,Pour flush,275,"275,",1:5,yes,200,1,Common area inside settlement,tarred roads,Motorbike,N/A,Yes,month,good,month,"Tb, Diarrhrea, Other",yes,5 minutes,yes,more than 1 hour,yes,15 minutes,N/A
https://sdinet.org/settlement/1859/15917537,Philippines,Malabon,Flordeliz Village HOA Phase 7,1993,23-05-2017,"History:  !986 EDSA Revolution when people started to settle in the land. Some had been encouraged by their relatives to go to Malabon and live with them. With the blessing of then President Cory Aquino, the settlers were allowed to buy land rights.
The location was once fishpond, culturing milkfish and tilapia.","Tenuresecurity, Other, Electricity, Waterdrainage, Sanitationsewage, Tenuresecurity, Other, Electricity, Waterdrainage, Sanitationsewage","1,350",98,None,"declared, legal, protected",2,"98,Broken toilets:-96",1:14,Pour flush,270,N/A,1:5,yes,N/A,7,Common area inside settlement,dirt paths,"Bus, Motorbike",N/A,Yes,quaterly,N/A,month,"Other, Other, Other, Other",yes,15 minutes,no,Unknown,yes,30 minutes,Communications
https://sdinet.org/settlement/1859/50289442,Philippines,Kidapawan,Singao Savers Association,2005,15-06-2019,History: They occupy the area because it is near from their work.,"Tenuresecurity, Housing, Waterdrainage, Tenuresecurity, Housing, Waterdrainage",155,39,None,"undeclared, illegal, unprotected",31,"31,Broken toilets:0",1:5,Pour flush,31,"31,",1:5,yes,200,2,Common area outside settlement,tarred roads,"Car, Motorbike",1,Yes,month,good,month,"Other, Typhoid, Diarrhrea, Tb",yes,30 minutes,yes,more than 1 hour,yes,more than 1 hour,N/A
https://sdinet.org/settlement/1859/50603407,Philippines,Davao,Concepcion,1995,15-06-2019,"History: It started from one family who is the caretaker of the land, but later on some of them ask permission from the land owner to build their temporary house.","Tenuresecurity, Waterdrainage, Sanitationsewage, Tenuresecurity, Waterdrainage, Sanitationsewage",44,12,high,"undeclared, illegal, unprotected",12,"12,Broken toilets:0",1:4,Pour flush,12,"12,",1:4,yes,200,2,Common area outside settlement,tarred roads,Other,N/A,Yes,other,good,other,"Diarrhrea, Other, Tb",yes,30 minutes,yes,30 minutes,yes,30 minutes,Churches
https://sdinet.org/settlement/1859/27450439,Philippines,Davao,Mabuhay Homeowners Association,1993,19-03-2018,"History: Mabuhay HOA is created 1993 because they are aiming to own the land, but not all members pay escpecilly those in government lot because it part of the protected area for fishing.","Tenuresecurity, Housing, Sanitationsewage, Other, Tenuresecurity, Housing, Sanitationsewage, Other","2,860",717,high,"undeclared, illegal, unprotected",230,"230,Broken toilets:0",1:12,Pour flush,715,"715,",1:4,yes,200,3,Common area inside settlement,dirt paths,"Taxi, Motorbike, Other",1,Yes,N/A,average,month,"Diarrhrea, Tb, Typhoid, Other",yes,30 minutes,yes,more than 1 hour,yes,30 minutes to 1 hour,"Playground, Informalmarkets, Churches"
https://sdinet.org/settlement/1859/15984213,Philippines,Malabon,Damata Kadema,2015,23-05-2017,History:  Because of the demolition the association was created,"Tenuresecurity, Other, Other, Housing, Tenuresecurity, Other, Other, Housing","13,000",NaN,high,"declared, legal, protected",1080,"1080,Broken toilets:0",1:12,Flush,918,"918,",1:14,yes,1200,7,Common area inside settlement,N/A,"Bus, Motorbike, Other",1,Yes,week,good,N/A,"Other, Diarrhrea, Other, Other",yes,15 minutes,N/A,Unknown,N/A,Unknown,"Playground, Informalmarkets, Clothingshops, Churches"
https://sdinet.org/settlement/1859/15865834,Philippines,Malabon,NADHAI (Nagkakaisang Damdamin),1995,13-05-2017,History:  It was 1987 when the people first settled near the bridge of Malabon. Then they decided to move to their current place.,"Tenuresecurity, Other, Other, Other, Tenuresecurity, Other, Other, Other","1,519",217,None,"declared, legal, protected",206,"206,Broken toilets:0",1:7,Flush,206,"206,",1:7,yes,500,3,Individual bins,gravel roads,Other,1,Yes,other,good,other,"Tb, Diarrhrea, Other, Other",yes,15 minutes,no,Unknown,yes,15 minutes,"Foodshops, Communications"
https://sdinet.org/settlement/1859/32189334,Philippines,Davao,Shanghai 1,1950,03-03-2018,"History: Shanghai is a big area, Shanghai 1 is mostly along the seaside, 70 percent of the area are government property. Most of the people living here before are fishermen, but now business are open.","Tenuresecurity, Housing, Waterdrainage, Tenuresecurity, Housing, Waterdrainage",375,83,None,"undeclared, illegal, unprotected",75,"75,Broken toilets:0",1:5,Pour flush,73,"73,",1:5,yes,125,4,Common area inside settlement,tarred roads,"Car, Motorbike, Other",N/A,Yes,other,average,other,"Other, Diarrhrea, Other, Other",yes,10 minutes,yes,more than 1 hour,yes,30 minutes to 1 hour,"Informalmarkets, Foodshops, Churches, Carrepair"
https://sdinet.org/settlement/1859/52351816,Philippines,N/A,Isla Verde,2013,18-06-2019,History: N/A,"Waterdrainage, Sanitationsewage, Housing, Tenuresecurity, Electricity, Waterdrainage, Sanitationsewage, Housing, Tenuresecurity, Electricity",128,53,None,"undeclared, illegal, unprotected",25,"25,Broken toilets:0",1:5,Pour flush,9,"9,",1:14,yes,90,2,Common area outside settlement,gravel roads,"Car, Motorbike, Bicycle",N/A,N/A,N/A,N/A,N/A,"Tb, Typhoid, Diarrhrea, Other",yes,15 minutes,no,Unknown,yes,30 minutes to 1 hour,N/A
https://sdinet.org/settlement/1859/53605553,Philippines,Davao,Sto Nino,1959,11-11-2019,"History: The area was occupied by the fishermen, but later on family extended until other people occupied.","Tenuresecurity, Housing, Sanitationsewage, Tenuresecurity, Housing, Sanitationsewage",96,25,None,"undeclared, illegal, unprotected",N/A,NA,1:1,N/A,18,"18,",1:5,yes,150,1,Common area outside settlement,tarred roads,"Motorbike, Bicycle, Walking",N/A,Yes,never,good,month,"Tb, Diarrhrea, Typhoid",yes,5 minutes,yes,10 minutes,yes,10 minutes,"Playground, Informalmarkets, Churches"
https://sdinet.org/settlement/1859/15869523,Philippines,Malabon,Samahang Masigasig ng Pilapil HOA (SAMAPIL),2012,11-05-2017,History:  The community had been previously known as Samahang Maralita ng Pilapil before they changed the name to Samahang Masigasig ng Pilapil HOA (SAMAPIL).,"Tenuresecurity, Waterdrainage, Electricity, Other, Other, Tenuresecurity, Waterdrainage, Electricity, Other, Other","1,260",210,None,"declared, legal, protected",176,"176,Broken toilets:0",1:7,Pour flush,144,"144,",1:9,yes,116,5,Common area outside settlement,dirt paths,"Taxi, Motorbike, Walking",N/A,Yes,month,good,week,"Diarrhrea, Other, Other, Other",yes,30 minutes,no,Unknown,yes,more than 1 hour,Clothingshops
https://sdinet.org/settlement/1859/26455676,Philippines,Davao,Purok 20 Calachuchi-Mananama,1981,14-08-2019,History: They acquired a lot thru squatting by few people.,"Other, Waterdrainage, Sanitationsewage, Tenuresecurity, Housing, Other, Waterdrainage, Sanitationsewage, Tenuresecurity, Housing","1,099",160,low,"undeclared, illegal, unprotected",157,"157,Broken toilets:0",1:7,Pour flush,153,"153,",1:7,yes,300,2,Common area inside settlement,tarred roads,"Motorbike, Bicycle",N/A,Yes,bi_annually,average,bi_annually,"Other, Diarrhrea, Tb, Other",yes,10 minutes,yes,10 minutes,yes,more than 1 hour,"Playground, Churches, Communications, Carrepair"
https://sdinet.org/settlement/1859/15869526,Philippines,Malabon,Gulayan Pilapil HOA,2010,15-05-2017,"History:  When the houses from Gulayan HOA and Pilapil HOA was burned down by fire, the fire victims decided to create a new HOA by merging both communities.","Tenuresecurity, Housing, Other, Other, Electricity, Tenuresecurity, Housing, Other, Other, Electricity","2,640",440,None,"declared, legal, protected",440,"440,Broken toilets:0",1:6,Pour flush,N/A,N/A,N/A,yes,1200,5,Common area outside settlement,N/A,"Motorbike, Walking",N/A,Yes,month,bad,week,"Other, Tb, Other, Diarrhrea",yes,15 minutes,no,Unknown,yes,30 minutes,"Informalmarkets, Foodshops, Clothingshops, Communications, Carrepair"
https://sdinet.org/settlement/1859/10289095,Philippines,Iloilo,NEW PALI MANDURRIAO,1998,05-10-2015,History:  THE SETTLEMENT WAS A GRATIS BY FORMER CAPTAIN OF THE SETTLEMENT,"Tenuresecurity, Housing, Electricity, Waterdrainage, Sanitationsewage, Tenuresecurity, Housing, Electricity, Waterdrainage, Sanitationsewage",635,148,high,"undeclared, illegal, unprotected",109,"109,Broken toilets:0",1:5,Pour flush,57,"57,",1:11,yes,720,2,Common area inside settlement,dirt paths,"Walking, Other",N/A,Yes,month,good,never,"Other, Other, Other, Other",yes,15 minutes,no,Unknown,yes,15 minutes,"Playground, Generalshops"
https://sdinet.org/settlement/1859/15869527,Philippines,Malabon,United Village HOA,1994,12-05-2017,History:  The location had been known to be dangerous so the people decided to form an organization.,"Tenuresecurity, Electricity, Waterdrainage, Housing, Other, Tenuresecurity, Electricity, Waterdrainage, Housing, Other","1,040",208,None,"undeclared, illegal, unprotected",208,"208,Broken toilets:0",1:5,Pour flush,221,"221,",1:5,no,300,N/A,Common area outside settlement,dirt paths,"Walking, Other",1,Yes,month,good,other,"Other, Tb, Other, Other",yes,10 minutes,no,Unknown,yes,more than 1 hour,"Playground, Generalshops, Foodshops, Clothingshops, Furnitureshops, Communications"
https://sdinet.org/settlement/1859/15869529,Philippines,Malabon,Catmon Pilapil Neighborhood Association Inc.,2011,13-05-2017,"History: 
Samahang GC HOA decided not to merge with them so they built their own settlement","Tenuresecurity, Waterdrainage, Housing, Sanitationsewage, Other, Tenuresecurity, Waterdrainage, Housing, Sanitationsewage, Other",335,67,None,"undeclared, illegal, unprotected",67,"67,Broken toilets:0",1:5,Pour flush,67,"67,",1:5,yes,400,5,Common area outside settlement,N/A,"Motorbike, Walking",N/A,Yes,quaterly,average,year,"Other, Other, Diarrhrea, Other",yes,5 minutes,no,Unknown,yes,more than 1 hour,"Clothingshops, Communications"
https://sdinet.org/settlement/1859/56759092,Philippines,Davao,Balai,1996,06-01-2020,"History: 1996 the Barangay Captain relocated the people in better living area, Balai before is swampy, and lots of coconut. When the barangay allowed them to live in this area people develop and now it was already occupied with 105 households","Waterdrainage, Waterdrainage",420,108,None,resettled,105,"105,Broken toilets:0",1:4,Pour flush,105,"105,",1:4,yes,300,2,Common area outside settlement,tarred roads,"Taxi, Motorbike, Other",N/A,Yes,month,good,month,"Other, Other, Diarrhrea",yes,5 minutes,yes,30 minutes to 1 hour,yes,30 minutes to 1 hour,"Informalmarkets, Churches"
https://sdinet.org/settlement/1859/15925578,Philippines,Malabon,catmonville Homeowners Association,2005,11-05-2017,"History:  It was 1999 when the people approach the community rent a house as our office for our organization, but before this place is full of grasses and fish fund at the same time a dumpsite. but then later it was many houses until now.","Tenuresecurity, Other, Waterdrainage, Electricity, Other, Tenuresecurity, Other, Waterdrainage, Electricity, Other","1,236",206,None,"declared, legal, protected",206,"206,Broken toilets:0",1:6,Pour flush,90,"90,",1:14,yes,300,2,Common area outside settlement,tarred roads,"Motorbike, Walking",1,Yes,month,good,month,"Tb, Diarrhrea, Other, Other",yes,10 minutes,no,Unknown,no,Unknown,"Foodshops, Communications"
https://sdinet.org/settlement/1859/52351553,Philippines,N/A,PUROK CENTENIAL,1950,14-06-2019,History: N/A,"Waterdrainage, Sanitationsewage, Housing, Tenuresecurity, Electricity, Waterdrainage, Sanitationsewage, Housing, Tenuresecurity, Electricity",0,43,None,"declared, legal, protected",10,"10,Broken toilets:0",1:0,Pour flush,39,"39,",1:0,yes,N/A,2,Common area outside settlement,gravel roads,"Car, Motorbike, Bicycle",N/A,Yes,month,average,month,"Tb, Typhoid, Diarrhrea, Other",yes,10 minutes,no,Unknown,yes,15 minutes,"Informalmarkets, Mosques"
https://sdinet.org/settlement/1859/15865185,Philippines,Malabon,Samahan ng mga Naninirahan sa Purok 4 (SANAPU),1990,13-05-2017,History: N/A,"Tenuresecurity, Electricity, Other, Other, Other, Tenuresecurity, Electricity, Other, Other, Other","2,700",540,None,"declared, legal, protected",540,"540,Broken toilets:0",1:5,Flush,540,"540,",1:5,yes,500,5,Common area outside settlement,tarred roads,Other,1,Yes,month,good,week,"Tb, Other, Other, Other",yes,30 minutes,no,Unknown,yes,30 minutes,"Foodshops, Communications"
https://sdinet.org/settlement/1859/52309222,Philippines,N/A,CAMARIN,1930,04-10-2019,History: THE LAND OWNER BUILD A DIVIDED HOUSE FOE HIS EMPLOYEE TO STAY TOGETHER WITH THERE FAMILY AND ITS CALLED CAMARIN,"Tenuresecurity, Housing, Waterdrainage, Sanitationsewage, Electricity, Tenuresecurity, Housing, Waterdrainage, Sanitationsewage, Electricity",124,82,None,N/A,13,"13,Broken toilets:0",1:8,Pour flush,12,"12,",1:5,yes,100,N/A,Individual bins,gravel roads,"Bus, Motorbike, Bicycle",N/A,N/A,N/A,N/A,N/A,"Other, Other, Typhoid, Diarrhrea",yes,10 minutes,yes,10 minutes,N/A,Unknown,"Playground, Furnitureshops"
https://sdinet.org/settlement/1859/10291675,Philippines,Iloilo,VILLA BEACH STO. NINO NORTE,1961,19-11-2016,"History: IN THE DISTRICT OF AREVALO, THE SETTLEMENT WAS EARLIER REFERRED TO AS VILLA BEACH UNTIL IT WAS RECLASSIFIED INTO A POLITICAL UNIT IN AUGUST 22, 1961 PURSUANT TO ILOILO CITY RESOLUTION NO. 1014. ALONG WITH THE CITY'S GRADUAL URBANIZATION, THE SETTLEMENT'S POPULATION ALSO RAPIDLY INCREASED. BEACH RESORTS, LODGES, HOUSES AND RESTAURANTS MUSHROOMED IN THE AREA ATTRACTING MIGRANTS WHO EVENTUALLY SETTLED IN DUE TO EASY ACCESS TO JOBS AND MARINE RESOURCES. THE EARLY SETTLERS CLAIMED THAT LAND OWNERS OF THE LAND AREA ARE UNKNOWN UNTIL A CASE WAS FILED FOR EVICTION IN YEAR 2000 EXCEPT THAT ADMINISTRATORS OF THE PROPERTY WERE KNOWN AS LOLA DORIS AND EVENTUALLY TIMOTEO CONSING. AT PRESENT, THE LAND IS BEING CLAIMED BY THE HEIRS OF YUSAY. A PENDING CASE FOR APPEAL WAS LIKEWISE FILED BY THE BARANGAY THROUGH ITS CHAIRWOMAN MINERVA","Tenuresecurity, Housing, Sanitationsewage, Waterdrainage, Waterdrainage, Tenuresecurity, Housing, Sanitationsewage, Waterdrainage, Waterdrainage","5,100",1235,high,"undeclared, illegal, unprotected",700,"700,Broken toilets:0",1:6,Pour flush,20,"20,",1:255,yes,600,3,Common area inside settlement,gravel roads,"Taxi, Walking, Other",1,Yes,month,good,bi_annually,"Other, Other, Other, Other",yes,Unknown,no,Unknown,yes,30 minutes,"Playground, Policestations, Generalshops, Foodshops, Churches, Carrepair"
https://sdinet.org/settlement/1859/27447123,Philippines,Davao,Dumalag 3,1954,19-03-2018,"History: Most of the people living in the area are fishermen, until it becomes open to everyone even not fishermen.","Tenuresecurity, Housing, Sanitationsewage, Tenuresecurity, Housing, Sanitationsewage","1,165",235,None,"undeclared, illegal, unprotected",189,"189,Broken toilets:0",1:5,Pour flush,234,"234,",1:5,yes,300,2,Common area inside settlement,tarred roads,Motorbike,N/A,Yes,month,none,never,"Other, Diarrhrea, Tb, Other",yes,more than 1 hour,yes,more than 1 hour,yes,30 minutes to 1 hour,"Foodshops, Churches"
https://sdinet.org/settlement/1859/15917945,Philippines,Malabon,DAMATA KADIMA (Sunrise View Housing Cooperative),1986,23-05-2017,History:  This location was once fishpond. Then it was filled with soil at the time of Marcos regime. People started building houses.,"Electricity, Waterdrainage, Other, Other, Tenuresecurity, Electricity, Waterdrainage, Other, Other, Tenuresecurity","12,500",1063,high,"declared, legal, protected",1063,"1063,Broken toilets:0",1:12,Flush,N/A,"50,",1:250,yes,N/A,N/A,Common area inside settlement,tarred roads,"Bus, Motorbike, Other",N/A,Yes,month,good,month,"Other, Other, Diarrhrea, Tb",yes,15 minutes,no,Unknown,N/A,Unknown,"Playground, Generalshops, Informalmarkets, Foodshops, Clothingshops, Churches, Carrepair"
https://sdinet.org/settlement/1859/26229106,Philippines,Davao,Barangay 31D SIR Pilot Homeowners Association,1978,08-03-2018,History: The area was burn then rebuilt by the brgy.,"Tenuresecurity, Waterdrainage, Sanitationsewage, Other, Housing, Tenuresecurity, Waterdrainage, Sanitationsewage, Other, Housing",N/A,80,None,"declared, legal, protected",79,"79,Broken toilets:0",1:0,Flush,79,"79,",1:0,yes,N/A,N/A,Common area inside settlement,tarred roads,"Taxi, Motorbike, Walking",N/A,Yes,month,average,month,"Other, Other",yes,5 minutes,no,Unknown,no,Unknown,"Churches, Communications, Carrepair"
https://sdinet.org/settlement/1859/26452245,Philippines,Davao,Purok1A,1974,15-03-2018,"History: Before the community name was Punta Bucana, they live nearest the seawater, but because of the fire that burned all the houses the Barangay arrange the community and clustered them to give way for the road and their houses are arranged","Housing, Sanitationsewage, Waterdrainage, Electricity, Other, Housing, Sanitationsewage, Waterdrainage, Electricity, Other",200,50,None,"undeclared, illegal, unprotected",35,"35,Broken toilets:0",1:5,Pour flush,6,"44,",1:4,yes,N/A,1,Disorganized deposit,tarred roads,"Motorbike, Bicycle, Walking",N/A,Yes,year,good,month,"Other, Other, Diarrhrea",yes,Unknown,yes,30 minutes to 1 hour,yes,Unknown,Communications
https://sdinet.org/settlement/1859/31187635,Philippines,Davao,Dumalag 2,1993,19-03-2018,"History: Dumalag is a fishing area, fishermen live in this area for fishing until it becomes their permanent address.","Tenuresecurity, Housing, Sanitationsewage, Waterdrainage, Other, Tenuresecurity, Housing, Sanitationsewage, Waterdrainage, Other","2,736",748,high,"undeclared, illegal, unprotected",180,"180,Broken toilets:0",1:15,Pour flush,684,"684,",1:4,yes,300,1,Common area inside settlement,gravel roads,"Car, Motorbike, Walking",N/A,Yes,month,average,other,"Diarrhrea, Other",yes,30 minutes,yes,more than 1 hour,yes,more than 1 hour,"Playground, Informalmarkets, Foodshops, Churches"
https://sdinet.org/settlement/1859/31187636,Philippines,Davao,Purok 1,1980,19-05-2018,"History: Before they are living near the sea, but after the hire happened the local government reblock the houses and they are transfered distance from the sea.","Tenuresecurity, Sanitationsewage, Waterdrainage, Sanitationsewage, Housing, Tenuresecurity, Sanitationsewage, Waterdrainage, Sanitationsewage, Housing",450,99,high,"undeclared, illegal, unprotected",2,"2,Broken toilets:0",1:150,Pour flush,10,"10,",1:45,yes,N/A,1,Common area inside settlement,tarred roads,Motorbike,N/A,Yes,other,average,month,"Other, Diarrhrea",yes,Unknown,yes,Unknown,yes,Unknown,"Informalmarkets, Mosques, Churches"
https://sdinet.org/settlement/1859/15977983,Philippines,Malabon,ISI/PPA PEOPLE'S POWER ASSOCIATION,2005,23-05-2017,"History:  RUBEN ACEB0TCHI BEFORE, THERE ARE ONLY 2 HOUSES IN THIS SETTLEMENT. THIS PLACE WAS A FISHPOND BEFORE. IN 1986, MANY ARE ALREADY STAYING HERE. THE FOUNDER IS BOY GEREMIAS. THE PEOPLE WERE PAYING FOR THE LAND THEY WERE STAYING.","Tenuresecurity, Waterdrainage, Other, Sanitationsewage, Other, Tenuresecurity, Waterdrainage, Other, Sanitationsewage, Other","2,100",2011,None,"declared, legal, protected",N/A,NA,1:1,N/A,196,"196,",1:11,yes,500,1,Common area outside settlement,dirt paths,"Bus, Motorbike, Other",N/A,Yes,month,good,week,"Other, Tb, Other, Other",yes,15 minutes,no,Unknown,yes,15 minutes,"Generalshops, Foodshops, Churches, Communications"
https://sdinet.org/settlement/1859/26613680,Philippines,Davao,Purok 8,1980,19-03-2018,History: The first name of this settlement before is Bucana Trading.,"Tenuresecurity, Waterdrainage, Tenuresecurity, Waterdrainage","1,092",296,low,"undeclared, illegal, unprotected",273,"273,Broken toilets:0",1:4,Pour flush,273,"273,",1:4,yes,N/A,2,Common area inside settlement,N/A,"Motorbike, Walking, Other",2,Yes,month,good,month,"Other, Other, Diarrhrea, Tb",yes,5 minutes,yes,more than 1 hour,yes,more than 1 hour,"Informalmarkets, Foodshops, Churches"
https://sdinet.org/settlement/1859/26613682,Philippines,Davao,Purok 1 talomo salacot,1972,19-03-2018,History: N/A,"Housing, Tenuresecurity, Waterdrainage, Housing, Tenuresecurity, Housing, Tenuresecurity, Waterdrainage, Housing, Tenuresecurity",90,25,None,"declared, legal, protected",18,"18,Broken toilets:0",1:5,Flush,17,"17,",1:5,yes,200,N/A,Disorganized deposit,tarred roads,Motorbike,1,N/A,N/A,N/A,N/A,"Diarrhrea, Other, Other, Other",yes,30 minutes,no,Unknown,no,Unknown,"Playground, Churches"
https://sdinet.org/settlement/1859/57038961,Philippines,Davao,Bartoline Compound,1960,14-12-2019,"History: Mr. Joaquin Bartoline allowed people to stay in his areas, they have to pay rent for the land woth 200 pesos per month.","Waterdrainage, Sanitationsewage, Tenuresecurity, Waterdrainage, Sanitationsewage, Tenuresecurity",516,132,None,"declared, legal, protected",129,"129,Broken toilets:0",1:4,Pour flush,129,"129,",1:4,yes,200,1,Common area outside settlement,tarred roads,"Taxi, Motorbike, Other",N/A,Yes,month,good,month,"Diarrhrea, Other",yes,15 minutes,yes,30 minutes to 1 hour,yes,30 minutes to 1 hour,"Informalmarkets, Churches"
https://sdinet.org/settlement/1859/50121368,Philippines,Kidapawan,Purok Nangka,2002,24-06-2019,History: Most of the people choose to live here because they it is near from the work place.,"Tenuresecurity, Housing, Sanitationsewage, Tenuresecurity, Housing, Sanitationsewage",100,22,medium,"undeclared, illegal, unprotected",20,"20,Broken toilets:0",1:5,Pour flush,22,"22,",1:5,yes,200,2,Common area outside settlement,tarred roads,"Motorbike, Bicycle",N/A,Yes,month,average,month,"Other, Diarrhrea, Other, Tb",yes,30 minutes,yes,more than 1 hour,yes,more than 1 hour,N/A
https://sdinet.org/settlement/1859/53506431,Philippines,Davao,South Bay,1970,08-11-2019,"History: Before people who are working at southbay sawmill are those who are staying in this place, but when the sawmill was closed the people are still staying and becomes bigger.","Tenuresecurity, Housing, Sanitationsewage, Tenuresecurity, Housing, Sanitationsewage","1,824",459,None,"undeclared, illegal, unprotected",446,"446,Broken toilets:0",1:4,Pour flush,456,"456,",1:4,yes,200,1,Common area outside settlement,tarred roads,"Taxi, Motorbike",N/A,Yes,month,good,month,"Other, Typhoid, Diarrhrea",yes,more than 1 hour,yes,more than 1 hour,yes,30 minutes to 1 hour,"Informalmarkets, Churches"
https://sdinet.org/settlement/1859/15867886,Philippines,Malabon,Kapisanang Diwa ng Mahihirap Inc.,1986,22-05-2017,History:  Part of Rizal,"Tenuresecurity, Waterdrainage, Electricity, Other, Other, Tenuresecurity, Waterdrainage, Electricity, Other, Other","8,400",801,high,"declared, legal, protected",800,"800,Broken toilets:0",1:11,Pour flush,80,"16,",1:525,yes,5200,N/A,Common area outside settlement,tarred roads,Other,N/A,Yes,week,bad,bi_annually,"Tb, Other, Other",yes,Unknown,N/A,Unknown,yes,30 minutes,"Playground, Generalshops, Informalmarkets, Foodshops, Clothingshops, Churches, Communications"
https://sdinet.org/settlement/1859/15919215,Philippines,Malabon,LDS Pioneer Neighborhood Association Inc.,1983,23-05-2017,History: Used to be swampland; Mormon Church was already built in the 70's when the residents came to settle.,"Tenuresecurity, Waterdrainage, Electricity, Housing, Other, Tenuresecurity, Waterdrainage, Electricity, Housing, Other",112,19,None,N/A,21,"21,Broken toilets:0",1:5,Pour flush,1,"12,",1:9,yes,500,7,Common area outside settlement,dirt paths,"Car, Motorbike, Bicycle",N/A,Yes,fortnighly,N/A,month,"Other, Diarrhrea, Other, Other",yes,5 minutes,no,Unknown,yes,10 minutes,N/A
https://sdinet.org/settlement/1859/15867493,Philippines,Malabon,Sitio 6 Barketball Court HOA (SBCHOA),2016,06-06-2017,History:  The Barangay Captain told them to create a community.,"Tenuresecurity, Electricity, Housing, Sanitationsewage, Other, Tenuresecurity, Electricity, Housing, Sanitationsewage, Other",496,62,None,"undeclared, illegal, unprotected",36,"36,Broken toilets:0",1:14,Pour flush,66,"66,",1:8,yes,300,5,Common area inside settlement,tarred roads,"Bus, Motorbike, Bicycle",N/A,Yes,other,good,other,"Other, Diarrhrea, Tb, Other",yes,5 minutes,no,Unknown,yes,more than 1 hour,Furnitureshops
https://sdinet.org/settlement/1859/53603413,Philippines,Davao,MASEA,1990,13-11-2019,"History: Most of the occupants before are fishermen, the family was extended until it was open to others who are working in the sawmill and other areas in Agdao.","Tenuresecurity, Housing, Sanitationsewage, Waterdrainage, Tenuresecurity, Housing, Sanitationsewage, Waterdrainage",240,42,None,"undeclared, illegal, unprotected",9,"9,Broken toilets:0",1:11,Pour flush,42,"42,",1:6,yes,200,7,Common area outside settlement,tarred roads,"Car, Motorbike",N/A,Yes,never,good,month,"Diarrhrea, Typhoid, Tb",yes,10 minutes,yes,5 minutes,yes,5 minutes,"Playground, Informalmarkets, Churches"
https://sdinet.org/settlement/1859/15977866,Philippines,Malabon,Angela - 3 Home Owner Association,1986,24-05-2017,History:  Our parents were stay before in this settlement then we are the next generation the children to continue and myself is the president of this organization.,"Tenuresecurity, Waterdrainage, Other, Other, Tenuresecurity, Waterdrainage, Other, Other",186,NaN,None,"declared, legal, protected",35,"35,Broken toilets:0",1:5,Pour flush,35,"35,",1:5,yes,120,7,Individual bins,tarred roads,"Motorbike, Bicycle, Walking",N/A,Yes,year,good,week,"Tb, Other, Other",yes,more than 1 hour,yes,more than 1 hour,yes,30 minutes to 1 hour,"Foodshops, Communications"
https://sdinet.org/settlement/1859/26385757,Philippines,Davao,Purok 20,1987,15-03-2018,"History: The land owned by government. A 14 ha. occupied by the retired policeman and military and they decided to owned the land. According to them, they have presidential proclamation (MOA) but did not confirm its validation. But the government land 
(UP Mindanao) will use the area so they need to permanently evacuate contrary to their claim that they're the first one who occupy the land before the UP Mindanao arise.","Tenuresecurity, Housing, Sanitationsewage, Other, Sanitationsewage, Tenuresecurity, Housing, Sanitationsewage, Other, Sanitationsewage","3,170",402,None,"undeclared, illegal, unprotected",313,"313,Broken toilets:0",1:10,Pour flush,104,"104,",1:30,yes,300,1,Common area inside settlement,tarred roads,Motorbike,3,Yes,quaterly,average,month,"Diarrhrea, Other, Other, Other",yes,more than 1 hour,yes,more than 1 hour,yes,more than 1 hour,"Playground, Churches, Communications, Carrepair"
https://sdinet.org/settlement/1859/27323923,Philippines,Davao,San Nicolas,1990,28-04-2018,"History: Most of the people living this community are fishermen, they occupy the place because it is near the sea, but later on the population becomes bigger.","Housing, Tenuresecurity, Waterdrainage, Sanitationsewage, Other, Housing, Tenuresecurity, Waterdrainage, Sanitationsewage, Other",600,87,None,"undeclared, illegal, unprotected",70,"70,Broken toilets:0",1:9,Pour flush,1,"55,",1:11,yes,150,1,Common area inside settlement,dirt paths,"Motorbike, Other",N/A,Yes,week,good,week,"Typhoid, Diarrhrea, Tb, Other",yes,30 minutes,yes,more than 1 hour,yes,30 minutes,N/A
https://sdinet.org/settlement/1859/15917568,Philippines,Malabon,Flordeliz Village HOA Phase 2,1999,23-05-2017,"History:  1986: People first arrived; some parts were meadows while other parts were fishpond.
1998-1999: Flordeliz Village Association was established.","Tenuresecurity, Waterdrainage, Other, Other, Tenuresecurity, Waterdrainage, Other, Other","1,115",224,None,"declared, legal, protected",223,"223,Broken toilets:0",1:5,Pour flush,200,"200,",1:6,yes,115,3,Common area outside settlement,dirt paths,"Bicycle, Other",N/A,Yes,month,good,month,"Other, Diarrhrea, Other, Other",yes,30 minutes,no,Unknown,yes,30 minutes to 1 hour,"Generalshops, Foodshops, Clothingshops, Communications"
https://sdinet.org/settlement/1859/15785843,Philippines,Malabon,Flordeliz Vill Homeoners Association Phase 5,1999,22-05-2017,"History:  1986-It was grassland and fishpond only a few houses ,1999 the association created and named to the land owner","Waterdrainage, Tenuresecurity, Other, Other, Waterdrainage, Tenuresecurity, Other, Other",850,170,None,"declared, legal, protected",170,"170,Broken toilets:0",1:5,Pour flush,8,"23,",1:27,yes,115,3,Common area outside settlement,gravel roads,"Motorbike, Bicycle, Other",N/A,Yes,other,good,other,"Tb, Diarrhrea, Other, Other",N/A,Unknown,N/A,Unknown,yes,Unknown,"Generalshops, Foodshops, Clothingshops, Communications"
https://sdinet.org/settlement/1859/47465582,Philippines,Davao,BUSVHAI,2003,06-06-2019,"History: This settlement is privately owned by Mrs Magdangal, one of the rich people here in Davao City, when she notice that there lots of families occupying here property, she talk to them and people pays the land in a staggered basis for 10 years until they fully paid.","Housing, Waterdrainage, Sanitationsewage, Housing, Waterdrainage, Sanitationsewage",540,135,None,"declared, legal, protected",134,"134,Broken toilets:0",1:4,Pour flush,134,"134,",1:4,yes,300,1,Common area outside settlement,dirt paths,"Motorbike, Bicycle, Walking",1,Yes,month,good,other,"Other, Diarrhrea",yes,10 minutes,yes,more than 1 hour,yes,30 minutes to 1 hour,"Playground, Churches"
https://sdinet.org/settlement/1859/15926364,Philippines,Malabon,Gulayan Catmon,1989,05-05-2017,History:  I used to look like the plot so it is called pure water before it is in place and it just,"Other, Waterdrainage, Housing, Other, Waterdrainage, Housing","6,000",983,None,"declared, legal, protected",95,"95,Broken toilets:0",1:63,Pour flush,100,"100,",1:60,yes,800,1,Disorganized deposit,dirt paths,"Motorbike, Bicycle, Other",2,Yes,year,good,month,"Other, Other, Tb, Diarrhrea",yes,5 minutes,no,Unknown,yes,more than 1 hour,"Foodshops, Churches"
https://sdinet.org/settlement/1859/31190332,Philippines,Davao,"Purok 1, Talomo Salacot",1972,07-04-2018,"History: Before it was a compound of the Calamba family, when outsiders came Calamba family allowed them to build their houses while they are not yet using the lot.","Tenuresecurity, Housing, Sanitationsewage, Other, Tenuresecurity, Housing, Sanitationsewage, Other",90,26,None,"declared, legal, protected",18,"18,Broken toilets:0",1:5,Flush,18,"18,",1:5,yes,200,1,Common area outside settlement,tarred roads,Motorbike,N/A,N/A,N/A,N/A,N/A,"Other, Diarrhrea, Other, Other",yes,10 minutes,yes,more than 1 hour,yes,30 minutes to 1 hour,"Playground, Churches"
https://sdinet.org/settlement/1859/3303257,Philippines,Davao,Arroyo Compound,2005,02-08-2015,"History: People coming from different areas in Matina saw that the land was not used by the awarded EP (emancipation patent) for planting of any crops (since the area is agricultural) but instead they sell rights to interested person. So they formed a group and entered the area, the reason is if the awardee of emancipation patent (government program for farmers)is not interested, so the renters and other informal settlers family takes the opportunity to occupy the lot.","Tenuresecurity, Housing, Waterdrainage, Electricity, Sanitationsewage, Tenuresecurity, Housing, Waterdrainage, Electricity, Sanitationsewage","6,180",1292,medium,"undeclared, illegal, unprotected",775,"775,Broken toilets:0",1:8,Pour flush,1072,N/A,1:6,yes,300,7,Common area inside settlement,dirt paths,"Motorbike, Bicycle, Walking",6,Yes,month,good,other,"Typhoid, Diarrhrea, Tb",yes,Unknown,yes,more than 1 hour,yes,more than 1 hour,Policestations
https://sdinet.org/settlement/1859/56800931,Philippines,Davao,Tayo Compound Purok 20,2010,16-12-2019,History: It is a government award long time ago to the fishermen of Bago Aplaya.,"Waterdrainage, Tenuresecurity, Sanitationsewage, Waterdrainage, Tenuresecurity, Sanitationsewage",396,100,None,"declared, legal, protected",99,"99,Broken toilets:0",1:4,Pour flush,99,"99,",1:4,yes,200,1,Common area inside settlement,tarred roads,"Taxi, Motorbike, Other",N/A,Yes,month,good,month,"Diarrhrea, Other",yes,30 minutes,yes,30 minutes to 1 hour,yes,30 minutes to 1 hour,"Informalmarkets, Churches"
https://sdinet.org/settlement/1859/10289010,Philippines,Iloilo,PUROK 5 INFANTE,1970,19-11-2016,History:  THE PREVIOUS LAND OWNER THE INFANTE FAMILY DECIDED TO MAKE IT INTO A COMMUNITY FOR THE PEOPLE AROUND IT,"Tenuresecurity, Housing, Waterdrainage, Sanitationsewage, Electricity, Tenuresecurity, Housing, Waterdrainage, Sanitationsewage, Electricity","2,373",339,high,"undeclared, illegal, unprotected",339,"339,Broken toilets:0",1:6,Pour flush,46,"46,",1:18,yes,180,2,Individual bins,gravel roads,Other,1,Yes,other,good,other,"Other, Diarrhrea, Other, Tb",yes,5 minutes,no,Unknown,yes,5 minutes,N/A
https://sdinet.org/settlement/1859/56802329,Philippines,Davao,De Garden,1996,06-12-2019,History: People from other barangay buy the land and relocated in this area.,"Waterdrainage, Tenuresecurity, Waterdrainage, Tenuresecurity",340,88,None,"declared, legal, protected",85,"85,Broken toilets:0",1:4,Pour flush,5,"80,",1:4,yes,200,7,Common area outside settlement,tarred roads,"Taxi, Motorbike, Other",N/A,Yes,month,good,month,"Diarrhrea, Other, Other",yes,30 minutes,yes,30 minutes,yes,30 minutes,"Playground, Informalmarkets, Churches"
https://sdinet.org/settlement/1859/15866633,Philippines,Malabon,Cornillo Martinez Francisco NA,2008,12-05-2017,History:  Used to be in a body of water until the owner decided to fill it with soil and let the people build houses on it.,"Tenuresecurity, Electricity, Sanitationsewage, Waterdrainage, Other, Tenuresecurity, Electricity, Sanitationsewage, Waterdrainage, Other",190,32,None,resettled,N/A,NA,1:1,N/A,27,"27,",1:7,yes,300,3,Common area outside settlement,N/A,"Motorbike, Bicycle, Walking",N/A,Yes,month,good,other,"Diarrhrea, Tb, Other, Other",yes,30 minutes,no,Unknown,yes,more than 1 hour,Communications
https://sdinet.org/settlement/1859/15983750,Philippines,Malabon,Flordeliz Village Home Owner Association Ph 4,1999,24-05-2017,History:  Year 1996 the place is full grass and fishing only few houses were build.But then the year 1989 to 1999 the organization was establish and until the present.,"Tenuresecurity, Waterdrainage, Electricity, Other, Tenuresecurity, Waterdrainage, Electricity, Other","13,000",164,None,"declared, legal, protected",148,"148,Broken toilets:0",1:88,Pour flush,128,"36,",1:361,yes,120,3,Common area outside settlement,dirt paths,"Motorbike, Other",1,Yes,fortnighly,average,month,"Other, Tb, Other, Diarrhrea",yes,15 minutes,N/A,Unknown,yes,30 minutes to 1 hour,"Informalmarkets, Foodshops, Clothingshops, Communications"
https://sdinet.org/settlement/1859/49824980,Philippines,Davao,MGR teachers Village,2000,15-03-2018,"History: At first only 1 family leaves in this area as caretaker, but the caretaker welcomes renters until the area was fully occupied especially those who have livestock like piggery, because the area is near the river.","Tenuresecurity, Sanitationsewage, Electricity, Waterdrainage, Tenuresecurity, Sanitationsewage, Electricity, Waterdrainage",159,53,None,"undeclared, illegal, unprotected",N/A,NA,1:8,N/A,53,"53,",1:3,yes,300,1,Common area outside settlement,dirt paths,Walking,1,Yes,month,average,other,"Diarrhrea, Typhoid, Tb",yes,10 minutes,yes,more than 1 hour,yes,30 minutes,N/A
https://sdinet.org/settlement/1859/15787372,Philippines,Malabon,Litre Homeowners Paradise phase 2,1986,23-05-2017,"History:  1986 when Juanito  came to the place he is just 15 years old , it is a fishpond and there are already houses had been built","Waterdrainage, Electricity, Other, Other, Waterdrainage, Electricity, Other, Other","1,820",334,None,"declared, legal, protected",334,"334,Broken toilets:0",1:5,Pour flush,12,"178,",1:10,yes,300,7,Individual bins,N/A,Motorbike,N/A,Yes,month,good,month,"Diarrhrea, Other, Other, Other",yes,15 minutes,N/A,Unknown,yes,10 minutes,Foodshops
https://sdinet.org/settlement/1859/15871743,Philippines,Malabon,Green Meadow Homeowners Association,2005,11-05-2017,History:  The owner of this land was selling to Coca Cola company. We were the one who got this land through CMP. Community Mortgage Program.,"Waterdrainage, Housing, Electricity, Other, Waterdrainage, Housing, Electricity, Other",710,142,None,"declared, legal, protected",142,"142,Broken toilets:0",1:5,Pour flush,57,"28,",1:23,yes,200,3,Individual bins,dirt paths,"Taxi, Motorbike, Other",1,Yes,month,good,month,"Diarrhrea, Other, Tb, Other",yes,15 minutes,no,Unknown,yes,more than 1 hour,"Generalshops, Churches, Communications"
https://sdinet.org/settlement/1859/15865621,Philippines,Malabon,Samahang Maclen Village (SMV),2015,15-05-2017,"History:  The community used to be Asero Libis. The owner of the land forced them out of the property and the community asked Barangay Captain Mario Cruz for help. Barangay Captain Cruz told them they could build the settlement on the open land behind Malabon City Jail, which had been donated by Gozon to the city.","Tenuresecurity, Housing, Waterdrainage, Electricity, Other, Tenuresecurity, Housing, Waterdrainage, Electricity, Other",940,79,None,resettled,79,"79,Broken toilets:0",1:12,Pour flush,5,N/A,1:188,yes,1500,N/A,Individual bins,tarred roads,"Bicycle, Walking",N/A,Yes,month,good,fortnighly,"Other, Other, Other, Diarrhrea",N/A,Unknown,no,Unknown,yes,more than 1 hour,Foodshops
https://sdinet.org/settlement/1859/57040264,Philippines,Davao,Urban Saavedra,1980,10-12-2019,History: The land owner sell to the people per lot and some rented.,"Housing, Waterdrainage, Sanitationsewage, Housing, Waterdrainage, Sanitationsewage",456,116,None,"declared, legal, protected",114,"114,Broken toilets:0",1:4,Pour flush,114,"114,",1:4,yes,300,1,Common area inside settlement,tarred roads,"Motorbike, Other",N/A,Yes,month,good,month,"Diarrhrea, Other, Other",yes,15 minutes,yes,30 minutes to 1 hour,yes,30 minutes to 1 hour,"Informalmarkets, Churches"
https://sdinet.org/settlement/1859/50462794,Philippines,Kidapawan,Purok Nangka,2002,15-06-2019,History: Many People stay in this area because it is near from their work.,"Tenuresecurity, Housing, Waterdrainage, Tenuresecurity, Housing, Waterdrainage",180,38,medium,"undeclared, illegal, unprotected",30,"30,Broken toilets:0",1:6,Pour flush,30,"30,",1:6,yes,200,2,Common area outside settlement,tarred roads,Motorbike,N/A,Yes,month,good,month,"Diarrhrea, Tb, Other",yes,30 minutes,yes,30 minutes,yes,30 minutes,N/A
https://sdinet.org/settlement/1859/15865627,Philippines,Malabon,Flordeliz Village Homeowners Association Inc.,1986,23-05-2017,History:  Land owner of the land is Flodeliz Gozon Borja,"Tenuresecurity, Waterdrainage, Other, Other, Other, Tenuresecurity, Waterdrainage, Other, Other, Other","1,340",135,None,"declared, legal, protected",134,"134,Broken toilets:0",1:10,Pour flush,67,"67,",1:20,yes,150,3,Disorganized deposit,tarred roads,"Motorbike, Bicycle, Other",1,Yes,week,average,month,"Diarrhrea, Other, Other, Other",N/A,Unknown,no,Unknown,yes,30 minutes,"Generalshops, Informalmarkets, Foodshops, Clothingshops, Furnitureshops, Communications"
https://sdinet.org/settlement/1859/15867923,Philippines,Malabon,� Sancianco Sports Complex Neighborhood Association,2004,15-05-2017,History:  It used to be a fishpond until it was filled with soil and people settled in.,"Tenuresecurity, Other, Waterdrainage, Housing, Other, Tenuresecurity, Other, Waterdrainage, Housing, Other","1,100",110,None,"undeclared, illegal, unprotected",27,"27,Broken toilets:0",1:41,Pour flush,40,"40,",1:28,yes,300,5,Common area outside settlement,dirt paths,Bicycle,4,Yes,month,good,other,"Other, Other, Other",yes,5 minutes,no,Unknown,yes,15 minutes,Communications
https://sdinet.org/settlement/1859/31402868,Philippines,Davao,KABOPOA,1980,14-04-2018,"History: Before they belong to Bucana trading, but after the Barangay clustered the People, they are divided and belong to Purok 4.","Tenuresecurity, Waterdrainage, Tenuresecurity, Waterdrainage",992,250,None,"undeclared, illegal, unprotected",248,"248,Broken toilets:0",1:4,Pour flush,248,"248,",1:4,yes,N/A,1,Individual bins,tarred roads,Motorbike,N/A,Yes,other,good,month,"Tb, Diarrhrea, Other",yes,5 minutes,yes,more than 1 hour,yes,30 minutes,"Playground, Informalmarkets, Foodshops, Churches"
https://sdinet.org/settlement/1859/15917977,Philippines,Malabon,Samahang Maralita ng Tonsuya (SAMATON),1989,23-05-2017,"History:  The location was used to be fishpond. When the government filled the fishpond with soil, people started  building houses on the site.","Housing, Other, Other, Other, Other, Housing, Other, Other, Other, Other","1,405",282,None,"declared, legal, protected",281,"281,Broken toilets:0",1:5,Pour flush,281,"281,",1:5,yes,300,N/A,Common area outside settlement,N/A,"Motorbike, Bicycle",N/A,Yes,N/A,good,quaterly,"Other, Other, Other, Diarrhrea",yes,10 minutes,no,Unknown,yes,30 minutes to 1 hour,"Foodshops, Communications"
https://sdinet.org/settlement/1859/31242961,Philippines,Davao,Purok 2,2003,14-04-2018,"History: Purok is 1 of the purok in 76A where fisher folk lives in this place, until non fishermen came in and build their houses.","Other, Other, Sanitationsewage, Other, Other, Sanitationsewage","1,400",201,None,"undeclared, illegal, unprotected",200,"200,Broken toilets:0",1:7,Pour flush,200,"200,",1:7,yes,N/A,-2,Common area inside settlement,tarred roads,Motorbike,N/A,Yes,month,average,month,"Diarrhrea, Tb, Other, Other",yes,10 minutes,yes,more than 1 hour,yes,30 minutes to 1 hour,Churches
https://sdinet.org/settlement/1859/57037331,Philippines,Davao,Juan Village,1970,17-01-2020,"History: Before it was owned by Atty Capili, then Atty Capili sell to his siblings, then his siblings sell to the people who wants to acquire lot.","Tenuresecurity, Sanitationsewage, Tenuresecurity, Sanitationsewage",228,NaN,medium,"declared, legal, protected",57,"57,Broken toilets:0",1:4,Pour flush,57,"57,",1:4,yes,200,2,Common area outside settlement,tarred roads,N/A,N/A,Yes,month,good,month,"Diarrhrea, Other",yes,30 minutes,yes,30 minutes,yes,30 minutes,"Informalmarkets, Foodshops, Churches"
https://sdinet.org/settlement/1859/57037330,Philippines,Davao,Sta. Catalina,1982,01-09-2019,"History: It is an excess area of the subdivision owned by Mr. Uy, the people occupied the place even it is swampy. Since Sta. Catalina is in the town area","Waterdrainage, Tenuresecurity, Sanitationsewage, Waterdrainage, Tenuresecurity, Sanitationsewage",300,61,low,"declared, legal, protected",30,"30,Broken toilets:0",1:5,Pour flush,60,"60,",1:5,yes,125,1,Common area outside settlement,tarred roads,"Motorbike, Other",1,Yes,month,good,month,"Diarrhrea, Tb, Other, Other",yes,5 minutes,yes,30 minutes to 1 hour,yes,30 minutes to 1 hour,"Informalmarkets, Churches"
https://sdinet.org/settlement/1859/15917850,Philippines,Malabon,Letre Urban People's Association HOA Phase 6,1986,23-05-2017,"History:  One large community had been divided into six smaller communities, forming the Letre Urban People's Association Phases 1-6.","Tenuresecurity, Other, Other, Other, Other, Tenuresecurity, Other, Other, Other, Other",565,106,None,"declared, legal, protected",106,"106,Broken toilets:0",1:5,Pour flush,106,"106,",1:5,yes,N/A,7,Common area outside settlement,N/A,"Motorbike, Bicycle, Other",N/A,Yes,week,good,month,"Other, Other, Other, Tb",yes,Unknown,no,Unknown,yes,15 minutes,"Generalshops, Foodshops, Clothingshops, Communications"
https://sdinet.org/settlement/1859/15864221,Philippines,Malabon,Samahang Kapit Bisig in Catmon HOA Extension Upper Site (SAKABICA),1990,22-05-2017,History:  The community people was originally from Letre. Then they were relocated when the owner of that land decided to make improvement to the land.,"Tenuresecurity, Waterdrainage, Other, Housing, Other, Tenuresecurity, Waterdrainage, Other, Housing, Other","1,044",87,None,"declared, legal, protected",N/A,NA,1:1,Pour flush,N/A,"50,",1:21,yes,N/A,5,Common area inside settlement,dirt paths,"Motorbike, Bicycle, Walking",N/A,Yes,week,good,week,"Tb, Diarrhrea, Other, Other",yes,30 minutes,no,Unknown,yes,more than 1 hour,"Foodshops, Communications"
https://sdinet.org/settlement/1859/31514758,Philippines,Davao,Purok 5 Seawall,1980,12-03-2018,"History: Before the area is very near to the river and sea, most fisherman are living in this area, but as time passing by the water ways and the water becomes land. But they find out that a private person claimed as the land owner.","Waterdrainage, Housing, Sanitationsewage, Tenuresecurity, Waterdrainage, Housing, Sanitationsewage, Tenuresecurity","1,644",414,None,"undeclared, illegal, unprotected",411,"411,Broken toilets:0",1:4,Pour flush,411,"411,",1:4,yes,150,3,Common area inside settlement,tarred roads,"Car, Motorbike",N/A,Yes,month,good,month,"Other, Tb, Diarrhrea",yes,Unknown,yes,more than 1 hour,yes,30 minutes to 1 hour,"Playground, Carrepair"
https://sdinet.org/settlement/1859/53400840,Philippines,Davao,Sta. Cruz,1960,05-11-2019,"History: Most of the people living in this place before are all fishermen, but as times goes by and the city was developed many of the people that are working in the city are building houses since it was near the town center.","Tenuresecurity, Housing, Sanitationsewage, Tenuresecurity, Housing, Sanitationsewage","2,264",568,medium,"undeclared, illegal, unprotected",200,"200,Broken toilets:0",1:6,Pour flush,400,"166,",1:4,yes,200,7,Common area outside settlement,tarred roads,"Motorbike, Bicycle, Walking",N/A,Yes,other,good,month,"Other, Other, Other, Typhoid",yes,Unknown,yes,more than 1 hour,yes,more than 1 hour,Churches
https://sdinet.org/settlement/1859/15868167,Philippines,Malabon,People's Coalition for Housing Rights (PCHR),1997,10-05-2017,History: The people living at Siangtangco decided to create a community so they could be relocated.,"Other, Other",500,110,None,"declared, legal, protected",96,"96,Broken toilets:0",1:5,Pour flush,96,"96,",1:5,yes,200,1,Individual bins,tarred roads,"Motorbike, Bicycle",N/A,Yes,month,good,quaterly,"Other, Other, Other, Other",yes,15 minutes,no,Unknown,yes,more than 1 hour,"Furnitureshops, Carrepair"
https://sdinet.org/settlement/1859/15864229,Philippines,Malabon,Samahang maralita ng Catmon,2001,22-05-2017,History:  families arrived in the site during 1980's and they are residing in the water the land owner nearby see their situation living in the water so the owner ask them to relocate in his land cause so many children fall down in the water. So they moved to the land owner's land and now the land owner sold the land to the communities.,"Waterdrainage, Sanitationsewage, Electricity, Waterdrainage, Sanitationsewage, Electricity",770,141,None,"declared, legal, protected",154,"154,Broken toilets:0",1:5,Pour flush,130,"130,",1:6,yes,500,7,Individual bins,tarred roads,"Taxi, Motorbike",N/A,Yes,quaterly,good,week,"Tb, Other, Other, Other",yes,Unknown,no,Unknown,yes,30 minutes,"Informalmarkets, Foodshops"
https://sdinet.org/settlement/1859/39841339,Philippines,Davao,Balete,1975,12-01-2019,History: Most of people living in this place before was fishermen.,"Tenuresecurity, Housing, Sanitationsewage, Other, Tenuresecurity, Housing, Sanitationsewage, Other",800,180,high,"declared, legal, protected",180,"180,Broken toilets:0",1:4,Pour flush,180,"180,",1:4,yes,300,1,Individual bins,tarred roads,"Motorbike, Other",N/A,Yes,year,good,other,"Other, Other, Diarrhrea",yes,15 minutes,yes,30 minutes to 1 hour,yes,30 minutes to 1 hour,N/A
https://sdinet.org/settlement/1859/53756249,Philippines,Davao,COREAS,1978,07-11-2019,"History: 1980' s people working in the sawmill are staying in this place so they will not travel everyday, but when the sawmill was stop people stays ang build their houses and while other are also coming inside to build their houses too.","Tenuresecurity, Housing, Sanitationsewage, Tenuresecurity, Housing, Sanitationsewage","1,360",343,None,"undeclared, illegal, unprotected",86,"86,Broken toilets:0",1:15,Pour flush,88,"257,",1:4,yes,500,3,Common area outside settlement,tarred roads,Motorbike,N/A,Yes,year,average,month,"Diarrhrea, Other, Other, Other",yes,30 minutes,yes,30 minutes,yes,30 minutes,"Playground, Informalmarkets, Churches"
https://sdinet.org/settlement/1859/27372915,Philippines,Davao,Pag Asa extension,2009,23-04-2018,"History: It started by small families as worker of the owner who planting Nipa, but years passed renters from different areas come inside and build their own houses without permission from the land owner.","Tenuresecurity, Housing, Waterdrainage, Electricity, Sanitationsewage, Tenuresecurity, Housing, Waterdrainage, Electricity, Sanitationsewage",400,111,None,"undeclared, illegal, unprotected",25,"25,Broken toilets:0",1:16,Pour flush,50,N/A,1:8,no,358,7,Common area outside settlement,dirt paths,"Motorbike, Bicycle, Walking",1,Yes,year,bad,year,"Other, Other",yes,10 minutes,yes,more than 1 hour,yes,30 minutes,N/A
https://sdinet.org/settlement/1859/46808957,Philippines,N/A,PUROK 1 SAMPAGUITA,1982,18-05-2019,"History: ACCORDING TO THE PUROK LEADER, PUROK 1 HAPPENED BECAUSE THEY GATHERED THE LAST BOUNDARY IN TUGBOK UNTIL THE LAST BOUNDARY OF MINTAL","Waterdrainage, Other, Waterdrainage, Other",402,87,low,"undeclared, illegal, unprotected",67,"67,Broken toilets:0",1:6,Pour flush,45,"43,",1:9,yes,300,1,Common area inside settlement,tarred roads,"Motorbike, Other",N/A,Yes,quaterly,good,quaterly,"Other, Other, Other",yes,10 minutes,yes,more than 1 hour,yes,15 minutes,"Foodshops, Temples, Communications, Carrepair"
https://sdinet.org/settlement/1859/50036819,Philippines,Kidapawan,Purok Pomelo,1980,08-06-2019,History: This is near from their work since most of them are working at the herbal medicine factory.,"Tenuresecurity, Electricity, Sanitationsewage, Tenuresecurity, Electricity, Sanitationsewage",81,27,medium,"undeclared, illegal, unprotected",27,"27,Broken toilets:0",1:3,Pour flush,9,"11,",1:4,yes,160,N/A,Individual bins,tarred roads,Other,N/A,Yes,other,good,other,"Other, Tb, Diarrhrea, Other",yes,30 minutes,yes,30 minutes,yes,more than 1 hour,N/A
https://sdinet.org/settlement/1859/15924093,Philippines,Malabon,Malabon People's Village Phase 2 (MPV P2),1997,12-05-2017,"History:  Other inhabitants came from togatog call samlet and we already relocated here, but there are others here who actually","Tenuresecurity, Waterdrainage, Sanitationsewage, Waterdrainage, Electricity, Tenuresecurity, Waterdrainage, Sanitationsewage, Waterdrainage, Electricity","1,305",312,None,"declared, legal, protected",90,"90,Broken toilets:0",1:15,Pour flush,90,"90,",1:15,yes,500,4,Individual bins,dirt paths,"Car, Motorbike, Other",1,Yes,month,good,month,"Other, Diarrhrea, Diarrhrea, Other",yes,10 minutes,no,Unknown,yes,30 minutes,"Playground, Generalshops, Informalmarkets, Foodshops, Clothingshops, Communications, Carrepair"
https://sdinet.org/settlement/1859/15866267,Philippines,Malabon,Samahan Tungo sa Kaunlaran ng Kommunidad sa Catmon (STKKC),2008,11-05-2017,History:  The location used to have a body of water. Then it was used a landfill. Then PBSP filled the dumpsite with soil and let the people build houses on it.,"Tenuresecurity, Waterdrainage, Other, Sanitationsewage, Housing, Tenuresecurity, Waterdrainage, Other, Sanitationsewage, Housing",890,207,medium,"declared, legal, protected",178,"178,Broken toilets:0",1:5,Pour flush,178,"178,",1:5,yes,N/A,3,Individual bins,tarred roads,"Motorbike, Bicycle",N/A,Yes,month,good,month,"Diarrhrea, Tb, Other, Other",yes,15 minutes,no,Unknown,yes,Unknown,"Foodshops, Communications"
https://sdinet.org/settlement/1859/56729464,Philippines,Davao,San Antonio,1960,29-08-2019,"History: Before it was occupied by the fishermen, and those who are working in the saw mill, when the saw mill was stop operating, people are working in factories, and some build boarding houses.","Waterdrainage, Tenuresecurity, Sanitationsewage, Housing, Waterdrainage, Tenuresecurity, Sanitationsewage, Housing",455,93,None,"undeclared, illegal, unprotected",50,"50,Broken toilets:0",1:8,Pour flush,91,"91,",1:5,yes,125,1,Common area outside settlement,tarred roads,"Motorbike, Other",N/A,Yes,quaterly,good,month,"Diarrhrea, Other, Other",yes,10 minutes,yes,more than 1 hour,yes,30 minutes to 1 hour,"Informalmarkets, Churches"
https://sdinet.org/settlement/1859/15927282,Philippines,Malabon,Former PPA-People's Power Assn. ( Manaca ),1984,12-05-2017,"History:  Garbage dump, actually my little house Barong-Barong, Pool flies, the increased load of people because relatives","Tenuresecurity, Sanitationsewage, Waterdrainage, Other, Tenuresecurity, Sanitationsewage, Waterdrainage, Other","1,750",128,None,"declared, legal, protected",2,"128,Broken toilets:-126",1:14,Pour flush,127,"127,",1:14,yes,500,-24,Common area inside settlement,dirt paths,"Bus, Motorbike, Other",N/A,Yes,month,good,never,"Diarrhrea, Tb, Other",yes,15 minutes,N/A,Unknown,yes,30 minutes,"Generalshops, Informalmarkets, Foodshops, Communications"
https://sdinet.org/settlement/1859/15917612,Philippines,Malabon,Flordeliz Village HOA Phase 1,1986,23-05-2017,"History:  The location was once fishpond, meadow, and swampland.","Waterdrainage, Housing, Tenuresecurity, Other, Waterdrainage, Housing, Tenuresecurity, Other",985,197,None,"declared, legal, protected",196,"196,Broken toilets:0",1:5,Pour flush,196,"196,",1:5,yes,N/A,3,Common area outside settlement,dirt paths,"Motorbike, Bicycle",N/A,Yes,month,good,fortnighly,"Other, Other, Other, Diarrhrea",yes,30 minutes,no,Unknown,yes,15 minutes,"Generalshops, Foodshops, Communications"
https://sdinet.org/settlement/1859/39841340,Philippines,Davao,Seaside,1997,24-02-2018,"History: The area is near the sea, but the community are applying for free patent to own the land.","Waterdrainage, Sanitationsewage, Housing, Waterdrainage, Sanitationsewage, Housing",900,340,None,"declared, legal, protected",270,"270,Broken toilets:0",1:3,Pour flush,11,"300,",1:3,yes,250,2,Common area outside settlement,tarred roads,"Taxi, Motorbike, Bicycle",N/A,Yes,month,good,other,"Diarrhrea, Other, Other",yes,5 minutes,yes,Unknown,yes,30 minutes,"Informalmarkets, Churches"
https://sdinet.org/settlement/1859/31198007,Philippines,Davao,Muslim Christian Fisherfolk Association,2016,05-05-2018,"History: It was occupied by the Muslims fisherman, until christian came in fishermen or not.","Tenuresecurity, Waterdrainage, Sanitationsewage, Other, Tenuresecurity, Waterdrainage, Sanitationsewage, Other",485,98,low,"undeclared, illegal, unprotected",97,"97,Broken toilets:0",1:5,Pour flush,97,"97,",1:5,yes,N/A,1,Common area outside settlement,tarred roads,"Motorbike, Bicycle, Walking",N/A,Yes,month,good,month,"Tb, Other, Other, Diarrhrea",yes,10 minutes,yes,more than 1 hour,yes,30 minutes,"Mosques, Carrepair"
https://sdinet.org/settlement/1859/39841342,Philippines,Davao,Shanghai 2,2000,24-02-2018,"History: It is an extension of the Shanghai 1, the place where people sell their caught fish.","Other, Other","1,500",NaN,None,"declared, legal, protected",216,"216,Broken toilets:0",1:7,Flush,216,"216,",1:7,yes,200,2,Common area inside settlement,tarred roads,"Motorbike, Other",N/A,Yes,month,good,never,"Diarrhrea, Other, Other",yes,10 minutes,yes,more than 1 hour,yes,30 minutes,"Informalmarkets, Furnitureshops, Churches, Carrepair"
https://sdinet.org/settlement/1859/50897869,Philippines,Davao,San Francisco,1961,30-06-2019,History: The place was occupied by the people without knowing who is the owner. Until population becomes big and some portion of the land was purchase by the occupants while there are portion needs more research on who is real owner.,"Tenuresecurity, Sanitationsewage, Housing, Tenuresecurity, Sanitationsewage, Housing",872,220,medium,"undeclared, illegal, unprotected",218,"218,Broken toilets:0",1:4,Pour flush,218,"218,",1:4,yes,200,7,Common area inside settlement,tarred roads,Other,N/A,Yes,other,good,month,"Other, Diarrhrea, Other, Tb",yes,15 minutes,yes,30 minutes to 1 hour,yes,more than 1 hour,"Informalmarkets, Foodshops, Churches"
https://sdinet.org/settlement/1859/53756648,Philippines,Davao,Bangkaan,1998,08-11-2019,"History: Most of the people occupying this place are sharers from their parents, it is an excess area of the government relocation, as times goes by the riverbanks was became a residential space.","Tenuresecurity, Housing, Tenuresecurity, Housing",68,19,None,"undeclared, illegal, unprotected",17,"17,Broken toilets:0",1:4,Pit latrine,17,"17,",1:4,yes,250,1,Common area outside settlement,tarred roads,Motorbike,N/A,N/A,N/A,N/A,N/A,"Diarrhrea, Other, Other, Other",yes,5 minutes,yes,5 minutes,yes,5 minutes,Informalmarkets
