URL,Country name,City,Settlement,Established,Last updated,History,Priorities,Population,Structures,Eviction,Status,Total number of toilets seats,Toilet wrk,Working toilet seats to people,Types of toilets,Water tot,Water wrk,Water pp,Electric,Water Cost,Trash pw,Trash location,Road type,Trans type,Saving tot,Lead,Lead freq,City Relat,City freq,Diseases,Acc Clin,Time Clin,Acc aids,Time aids,Acc hosp,Time hosp,Facilities
https://sdinet.org/settlement/1810/63989,South_Africa,N/A,TROPIKA,1989,08-03-2018,"History: THE FIRST SETTLER WAS MR NGCOBO WHO CAME IN AND STARTED TO CLEAR THE BUSH, WITH TIME MANY PEOPLE STARTED TO COME IN TO SETTLE. THEY WERE EXPOSED TO SERIES OF EVICTIONS BUT STILL MANAGED TO CONTINUE WITH ERECTION OF MORE SHACKS. THE SMALL PIECE OF LAND IS THOUGHT TO BE OWNED BY MR MAPHUMULO","Waterdrainage, Electricity, Other, Waterdrainage, Electricity, Other",0,4515,None,"declared, legal, protected",N/A,NA,1:1,N/A,1,N/A,1:0,yes,N/A,1,Common area outside settlement,gravel roads,"Bus, Taxi",2,Yes,other,N/A,other,"AIDS, TB, B.P",yes,5 minutes,yes,5 minutes,yes,30 minutes,"Generalshops, Foodshops, Temples, Carrepair"
https://sdinet.org/settlement/1810/64569,South_Africa,N/A,RUIMSUG,1970,08-03-2018,History: IT WAS A GOLD COURSE AND THE PEOPLE WERE WORKING AT GOLF COURSE. THEY WERE RENTING TO ANTONY AT THE OWNER AND THERE WAS NO WATER AND TOILETS.,"Housing, Waterdrainage, Sanitationsewage, Electricity, Other, Housing, Waterdrainage, Sanitationsewage, Electricity, Other","1,107",372,None,"undeclared, illegal, unprotected",72,"48,Broken toilets:24",1:23,Pit latrine,3,"3,",1:369,no,N/A,3,Common area inside settlement,dirt paths,"Taxi, Bicycle, Walking",N/A,Yes,month,average,month,"TB, HIV/AIDS, DIABETES, HIGH BLOOD PRESSURE",yes,Unknown,yes,Unknown,yes,Unknown,N/A
https://sdinet.org/settlement/1810/1091217,South_Africa,N/A,ZAMALAND INFORMAL SETTLEMENT,1995,14-03-2018,History: ZAMALAND AND PETER MOKABA(BOTH SETTLEMENTS ARE LOCATED ONE NEXT TO THE OTHER AND SHARE HISTORY AND LEADERSHIP) WERE ESTABLISHED IN 1995 WHEN ALFRED MEHUNU THE FIRST INVADER SETTLED IN THE AREA AFTER COMING BACK FROM EXHILE. IT WAS EARLY DAYS OF LIBERATION AND EVERYBODY WAS THIRSTY FOR LAND. IT NEVER FACED ANY EVICTION BUT NEVER BENEFITED OF ANY PROJECT NEITHER. ENUMERATION WAS DONE LAST YEAR(2012) BUT THE INFORMATION WAS NEVER CAPTURED,"Electricity, Sanitationsewage, Waterdrainage, Housing, Other, Electricity, Sanitationsewage, Waterdrainage, Housing, Other",0,639,None,"declared, legal, protected",N/A,NA,1:1,Pit latrine,21,N/A,N/A,no,N/A,N/A,N/A,gravel roads,"Bus, Taxi",N/A,Yes,week,average,month,TB,yes,10 minutes,yes,10 minutes,yes,15 minutes,"Generalshops, Foodshops, Clothingshops, Communications, Carrepair"
https://sdinet.org/settlement/1810/1094995,South_Africa,N/A,GANDA CENTRE,1998,14-03-2018,"History: GANDA CENTRE IS A SHOPPING THAT WAS LEFT THE OWNER BECAUSE BUSINESS WAS SLOW THEN. IN 1998 PEOPLE STARTED INVADING THE PLACE BECAUSE IT WAS UNATTENDED, IN 2003 THE MUNICIPALITY AND THE PEOPLE WHO CLAIMED OWNERSHIP OF THIS LAND AND STRUCTURES TRIED TO EVICT US AND WE SAT DOWN WITH ALL PARTIES TO RESOLVE","Housing, Landtenure, Sanitationsewage, Electricity, Waterdrainage, Housing, Landtenure, Sanitationsewage, Electricity, Waterdrainage","4,200",341,high,"undeclared, illegal, unprotected",N/A,NA,"1:1,400",N/A,1,N/A,"1:4,200",no,N/A,7,Common area inside settlement,tarred roads,Taxi,N/A,Yes,month,bad,N/A,"TB, DIARRHEA, HIV, DIABETES",yes,Unknown,yes,Unknown,N/A,Unknown,"Foodshops, Clothingshops, Churches, Communications"
