URL,Country name,City,Settlement,Established,Last updated,History,Priorities,Population,Structures,Eviction,Status,Total number of toilets seats,Toilet wrk,Working toilet seats to people,Types of toilets,Water tot,Water wrk,Water pp,Electric,Water Cost,Trash pw,Trash location,Road type,Trans type,Saving tot,Lead,Lead freq,City Relat,City freq,Diseases,Acc Clin,Time Clin,Acc aids,Time aids,Acc hosp,Time hosp,Facilities
https://sdinet.org/settlement/1851/1244803,Uganda,Entebbe,Katabi-Kitubulu,1830,24-03-2017,History: The place was established by Kabaka Mutesa I who gave the land to the Nubians who came from Sudan fight on behalf of whites.,"Sanitationsewage, Waterdrainage, Other, Other, Other, Sanitationsewage, Waterdrainage, Other, Other, Other","4,800",895,high,"undeclared, illegal, unprotected",2,"736,Broken toilets:-734",1:5,Pit latrine,1000,"990,",1:5,yes,24000,3,Common area inside settlement,dirt paths,"Taxi, Motorbike, Bicycle",35,Yes,year,good,other,"Malaria, Typhoid, Hiv, Tb",yes,Unknown,yes,30 minutes,yes,30 minutes,N/A
https://sdinet.org/settlement/1851/2569505,Uganda,Kampala,Katanga,1970,23-02-2017,"History: The presence of activities on site similar to those noted in 'Katanga' located in Congo that is to say drunkard tendencies, prostitution, hooliganism","Waterdrainage, Sanitationsewage, Waterdrainage, Electricity, Other, Waterdrainage, Sanitationsewage, Waterdrainage, Electricity, Other","5,000",250,high,"undeclared, illegal, unprotected",N/A,NA,1:833,N/A,20,"20,",1:250,yes,36000,2,Individual bins,dirt paths,"Taxi, Motorbike, Walking",5,Yes,other,good,month,"Malaria, Hiv, Diarrhrea, STDs",yes,Unknown,yes,30 minutes,yes,Unknown,N/A
https://sdinet.org/settlement/1851/1147323,Uganda,Gulu,Industrial Area,1983,21-03-2017,History: It was to be for Alokolum customary land and later on during Obote one time lendu from congo came as reffugee and lukore from sudan and later on during Obote tow the place was planed to be industrial area and it used to be IDPs camp which large number of peaple,"Waterdrainage, Other, Other, Electricity, Other, Waterdrainage, Other, Other, Electricity, Other","9,000",580,None,"not, applicable",N/A,2094,1:2,Pit latrine,26,"24,",1:375,yes,30000,2,Common area inside settlement,tarred roads,"Motorbike, Walking",7,Yes,week,bad,never,"Malaria, Hiv, Other, Diarrhrea",yes,Unknown,yes,Unknown,no,Unknown,"Generalshops, Informalmarkets, Foodshops, Furnitureshops, Churches, Carrepair"
https://sdinet.org/settlement/1851/921877,Uganda,Jinja,Rippon - Loco,1947,21-03-2017,"History: Swampy zone , in the 70's Mutima and Kaddu began trade along the road to Jinja townfrom the lake islands, J.M.C. authorised the trade operations in 1972, URC constructionzone, URC Loco settlement. Works- former workers to the ministry of works","Sanitationsewage, Housing, Other, Electricity, Other, Sanitationsewage, Housing, Other, Electricity, Other","2,400",512,None,"undeclared, illegal, unprotected",N/A,NA,1:400,N/A,8,"8,",1:150,yes,12000,2,Individual bins,dirt paths,"Motorbike, Bicycle, Walking",5,Yes,month,average,year,"Other, Diarrhrea, Hiv, Malaria",yes,30,yes,30,yes,1,N/A
https://sdinet.org/settlement/1851/472141,Uganda,Kampala,Kisenyi 1,1986,22-02-2017,History: It was Mengo municipality having the Katikiro's residence and his ministers and it is where the Kabaka used to get entertained from many cultural sites near Mengo.,"Other, Electricity, Other, Other, Waterdrainage, Other, Electricity, Other, Other, Waterdrainage","2,400",700,None,"undeclared, illegal, unprotected",2,"80,Broken toilets:-78",1:27,Flush,10,"80,",1:28,yes,20000,2,Individual bins,dirt paths,"Motorbike, Walking",20,Yes,month,good,other,"Skin rush, Malaria, Diabetes, Bedbugs",yes,5,yes,15 minutes,yes,30,N/A
https://sdinet.org/settlement/1851/2542955,Uganda,Kampala,Nateete,1969,24-04-2017,"History: The place was occupied by glass planted called ""teete"" called by Uganda martyrs so the name nateete came up in that form.  that was in 1969","Other, Other, Waterdrainage, Other, Other, Other, Other, Waterdrainage, Other, Other","45,000",4000,None,"undeclared, illegal, unprotected",2,"98,Broken toilets:-96",1:187,Pit latrine,500,"500,",1:90,yes,48000,1,Individual bins,dirt paths,"Taxi, Motorbike, Walking",30,Yes,other,bad,never,"Malaria, Dearhea, Measles, Congh",yes,Unknown,yes,Unknown,yes,Unknown,N/A
https://sdinet.org/settlement/1851/1126660,Uganda,Kampala,Northern ward,1970,16-03-2017,History: The place used to be called kahoora meaning paying tax that was done by people every time they came to town to sell their things,"Waterdrainage, Landtenure, Other, Sanitationsewage, Other, Waterdrainage, Landtenure, Other, Sanitationsewage, Other","3,000",450,None,"undeclared, illegal, unprotected",N/A,20,1:17,Pit latrine,200,"150,",1:20,yes,45000,N/A,Individual bins,dirt paths,"Taxi, Motorbike",1,Yes,month,average,month,"Malaria, Cough, HIV, Diahroea",yes,Unknown,no,Unknown,no,Unknown,"Generalshops, Foodshops, Clothingshops, Furnitureshops, Mosques, Churches, Communications, Carrepair"
https://sdinet.org/settlement/1851/2552460,Uganda,Kampala,Kawaala,1800,24-03-2017,History: The area had a certain man who had many daughters(abawala) hence the name Kawaala(many girls),"Other, Other, Waterdrainage, Other, Other, Other, Other, Waterdrainage, Other, Other","42,000",5500,None,"undeclared, illegal, unprotected",4,"4,Broken toilets:0","1:3,231",Pit latrine,300,"270,",1:156,yes,30000,1,Individual bins,dirt paths,"Taxi, Motorbike, Walking",30,Yes,year,average,year,"Malaria, Malaria, Typhoid, Diarrhrea",yes,Unknown,yes,Unknown,yes,Unknown,N/A
https://sdinet.org/settlement/1851/1207308,Uganda,Gulu,Mad camp,2002,21-03-2017,History: The place was for one man called Ibero it was an open place but during insecurity times people made homes and that is how it came up.,"Other, Waterdrainage, Other, Other, Other, Other, Waterdrainage, Other, Other, Other","6,500",1250,None,"not, applicable",N/A,250,1:26,Pit latrine,N/A,N/A,N/A,yes,18000,N/A,N/A,N/A,"Motorbike, Walking",N/A,Yes,month,average,year,"Malaria, Typhoid, Diarrhrea, Other",no,Unknown,no,Unknown,no,Unknown,"Playground, Generalshops, Informalmarkets, Furnitureshops"
https://sdinet.org/settlement/1851/2569197,Uganda,Kampala,Nsooba,1970,23-02-2017,History: There was a prison controlled by the Kabaka in the region and the passer-bys risked being whisked away into the facility thus the adaptation of tip-toe movement whenever one was in the area which translated into Nsooba as known in the local language,"Sanitationsewage, Other, Waterdrainage, Other, Waterdrainage, Sanitationsewage, Other, Waterdrainage, Other, Waterdrainage","3,000",1000,high,"undeclared, illegal, unprotected",N/A,NA,1:6,N/A,300,"300,",1:10,yes,30000,N/A,Individual bins,dirt paths,"Taxi, Motorbike, Bicycle",20,Yes,never,average,month,"Malaria, Other, Tb, Other",yes,Unknown,yes,60,yes,60,"Generalshops, Informalmarkets, Foodshops, Clothingshops, Furnitureshops, Churches, Carrepair"
https://sdinet.org/settlement/1851/1123456,Uganda,Kampala,Kikwite,1880,16-03-2017,History: During the kabalega regime people started buying plots in this place thus tranform10ing a once bushy area into a settlement,"Other, Other, Waterdrainage, Sanitationsewage, Other, Other, Other, Waterdrainage, Sanitationsewage, Other","4,800",1822,None,"undeclared, illegal, unprotected",N/A,NA,"1:1,200",N/A,270,"255,",1:19,yes,48000,1,Common area outside settlement,dirt paths,"Motorbike, Bicycle",N/A,Yes,never,average,never,"Malaria, Cough, Diahorea, HIV/AIDS",no,Unknown,no,Unknown,no,Unknown,N/A
https://sdinet.org/settlement/1851/2527579,Uganda,Entebbe,Kiwafu West,1986,24-03-2017,"History: The area had many trees of a kind. This tree has a fruit locally known as ""Mpafu"" hence the name Kiwafu.","Waterdrainage, Waterdrainage, Sanitationsewage, Other, Other, Waterdrainage, Waterdrainage, Sanitationsewage, Other, Other","4,000",950,low,"undeclared, illegal, unprotected",2,"700,Broken toilets:-698",1:6,Pit latrine,700,"700,",1:6,yes,30000,2,Common area inside settlement,dirt paths,"Taxi, Motorbike, Bicycle",10,Yes,year,average,year,"Malaria, Typhoid, Hiv, Tb",yes,30,yes,30,yes,30,N/A
https://sdinet.org/settlement/1851/2549808,Uganda,Kampala,Nsambya Kevina,1920,27-02-2017,"History: The region had a growing population sited on hills with many plantations ie, trees banana plantation. it also has 6 villages that is Nsdambya kamwanyi, central, baracks, hospital kevina and Nabititi.","Waterdrainage, Sanitationsewage, Waterdrainage, Other, Sanitationsewage, Waterdrainage, Sanitationsewage, Waterdrainage, Other, Sanitationsewage","50,000",5500,high,"undeclared, illegal, unprotected",N/A,NA,1:1,Pit latrine,284,"276,",1:181,yes,30000,2,Individual bins,dirt paths,"Taxi, Motorbike, Bicycle",150,Yes,never,bad,year,"Malaria, Hiv, Typhoid, Other",yes,Unknown,no,Unknown,no,Unknown,"Generalshops, Foodshops, Clothingshops, Temples, Mosques, Churches"
https://sdinet.org/settlement/1851/473768,Uganda,Kampala,Nalukolongo Kitawuluzi,1987,24-03-2017,History: Particular place were slaves were collected and sold and a place were the kabaka used to solve conflicts among his people so they named the place kitawuluzi nalukolongo.,"Waterdrainage, Other, Other, Sanitationsewage, Other, Waterdrainage, Other, Other, Sanitationsewage, Other","42,500",3800,None,"undeclared, illegal, unprotected",3,"475,Broken toilets:-472",1:50,Pit latrine,1500,"1450,",1:29,yes,30000,N/A,Common area outside settlement,dirt paths,"Taxi, Motorbike, Walking",4,Yes,month,bad,never,"Malaria, Malaria, Typhoid, Diarrhrea",yes,Unknown,no,Unknown,yes,15 minutes,"Generalshops, Informalmarkets, Foodshops, Churches"
https://sdinet.org/settlement/1851/1170909,Uganda,Soroti,Camp Swahili,1940,22-03-2017,History: This ward was first inhabited by Nubians and Somali's who were swahili speaking people who considered this area as their camp and the name was retained even after most of them left.,"Other, Other, Electricity, Waterdrainage, Other, Other, Other, Electricity, Waterdrainage, Other","6,008",436,low,"undeclared, illegal, unprotected",2,"120,Broken toilets:-118",1:12,Pit latrine,1,"185,",1:32,yes,25000,1,Common area outside settlement,dirt paths,"Taxi, Motorbike, Bicycle",9,Yes,year,average,year,"Malaria, Diarrohea, Typhoid, AIDS/HIV",yes,Unknown,yes,Unknown,yes,15 minutes,N/A
https://sdinet.org/settlement/1851/1113795,Uganda,Kampala,Bwikya,1910,16-03-2017,History: A habitat for humanity where Kabalega rested and where he was born,"Other, Other, Other, Other, Other, Other, Other, Other, Other, Other","2,250",510,None,"undeclared, illegal, unprotected",N/A,225,1:6,Pit latrine,80,"60,",1:38,yes,36000,1,Common area inside settlement,dirt paths,"Motorbike, Bicycle",N/A,Yes,month,bad,never,"Malaria, Cough, HIV/AIDS, Diahroea",no,Unknown,no,Unknown,no,Unknown,"Playground, Policestations, Informalmarkets, Foodshops, Mosques, Churches, Carrepair"
https://sdinet.org/settlement/1851/1245044,Uganda,Entebbe,Kigungu Central,1879,25-04-2017,"History: When missionaries came, they first settled in this place and that's why locals named it Kigungu Central.","Other, Sanitationsewage, Waterdrainage, Other, Other, Other, Sanitationsewage, Waterdrainage, Other, Other","6,000",760,high,"undeclared, illegal, unprotected",2,"100,Broken toilets:-98",1:31,Pit latrine,50,"50,",1:120,yes,6300,2,Common area inside settlement,dirt paths,"Taxi, Motorbike, Bicycle",8,Yes,year,average,year,"Malaria, Typhoid, Tb, Hiv",yes,Unknown,yes,120,yes,120,"Policestations, Generalshops, Informalmarkets, Foodshops, Furnitureshops, Churches, Carrepair"
https://sdinet.org/settlement/1851/1170623,Uganda,Soroti,Akisim,1958,22-03-2017,"History: Before the place was divided into wards,it was part of the central region with a lot of people who were wrong doers.They used to hide in the big hole and leaders took an initiative of creating this settlement in order to manage the place and the crime rate.","Waterdrainage, Sanitationsewage, Other, Other, Waterdrainage, Waterdrainage, Sanitationsewage, Other, Other, Waterdrainage","14,250",300,high,"undeclared, illegal, unprotected",2,"50,Broken toilets:-48",1:140,Pit latrine,20,"20,",1:713,yes,30000,1,Common area inside settlement,dirt paths,"Motorbike, Bicycle",5,Yes,other,bad,never,"Diarrohea, Malaria, Typhoid, STDS",no,Unknown,no,Unknown,no,Unknown,N/A
https://sdinet.org/settlement/1851/1146866,Uganda,Jinja,Jinja Camp,1980,24-03-2017,History: One Aporo Benjamin was a solider in Jinja and had a permanent home in this area and all his friends in the Army followed him because it was safe and convenient for them whenever they could get pass.this place was also easily accessed by their parents when they came to visit.,"Electricity, Other, Other, Other, Other, Electricity, Other, Other, Other, Other","1,800",440,high,"declared, legal, protected",2,"80,Broken toilets:-78",1:6,Pit latrine,150,"109,",1:17,yes,27000,2,Common area inside settlement,gravel roads,"Taxi, Motorbike, Bicycle",5,Yes,month,bad,never,"Malaria, Other, Hiv, Other",yes,Unknown,yes,Unknown,yes,60,"Playground, Policestations, Generalshops, Informalmarkets, Churches, Carrepair"
https://sdinet.org/settlement/1851/1148336,Uganda,Gulu,Kanyagoga,1930,21-03-2017,History: Being near town many peaple came to look employment  in town school easy access to hospital and north and south sudan war.,"Waterdrainage, Other, Other, Electricity, Housing, Waterdrainage, Other, Other, Electricity, Housing","10,880",1200,None,"not, applicable",N/A,500,1:7,Pit latrine,1500,"1500,",1:7,yes,15000,1,Common area inside settlement,dirt paths,"Motorbike, Bicycle, Walking",50,Yes,never,good,never,"Malaria, Other, Tb, Diarrhrea",yes,Unknown,no,Unknown,no,Unknown,N/A
https://sdinet.org/settlement/1851/1125466,Uganda,Kampala,Kiryatete East,1800,16-03-2017,History: The area was gazetted as an industrial area but authorities hardly acquired the land so people started settling in this area,"Landtenure, Other, Sanitationsewage, Sanitationsewage, Other, Landtenure, Other, Sanitationsewage, Sanitationsewage, Other","5,000",845,None,"undeclared, illegal, unprotected",N/A,255,1:20,Pit latrine,300,"200,",1:25,yes,15000,1,Common area inside settlement,dirt paths,"Motorbike, Bicycle",1,Yes,never,average,other,"Malaria, Cough, HIV, STD",N/A,Unknown,yes,30,no,Unknown,"Generalshops, Informalmarkets, Foodshops, Furnitureshops, Carrepair"
https://sdinet.org/settlement/1851/1154112,Uganda,Lira,Bar-Onger,1960,27-03-2017,"History: Initially Bar-Onger was forested with a lot of monkeys,but later a Teso community came and settled here then later were followed by Lango people thus forming the settlement.","Other, Other, Other, Waterdrainage, Electricity, Other, Other, Other, Waterdrainage, Electricity","1,600",280,low,"declared, legal, protected",N/A,91,1:13,Pit latrine,12,"12,",1:133,no,30000,N/A,Individual bins,dirt paths,"Motorbike, Bicycle, Walking",7,Yes,year,none,never,"Malaria, Hiv, Other, Other",yes,Unknown,yes,20,yes,40,"Generalshops, Furnitureshops"
https://sdinet.org/settlement/1851/1072398,Uganda,Lira,Te-mogo,1960,28-03-2017,"History: Te-mogo came up when the Jaluo people came and started growing cassava in this area and there after the locals also joined the Jaluos in the same activity.in their local language,Temogo-means cassava.","Sanitationsewage, Other, Other, Waterdrainage, Housing, Sanitationsewage, Other, Other, Waterdrainage, Housing","1,000",255,high,"declared, legal, protected",2,"30,Broken toilets:-28",1:21,Pit latrine,2,"4,",1:200,yes,18000,N/A,Common area inside settlement,gravel roads,"Taxi, Motorbike, Bicycle",N/A,Yes,month,none,never,"Malaria, Other, Diarrhrea, Typhoid",yes,Unknown,yes,30,yes,30,N/A
https://sdinet.org/settlement/1851/2569281,Uganda,Kampala,Bwaise III,1960,23-02-2017,"History: One subject to the king had defied orders and was sentenced to death but afterwards, it was reported to the king that the person to be killed was not the one who had defied the orders and the king replied that ""bwaise"" and the name was got from there","Waterdrainage, Sanitationsewage, Waterdrainage, Other, Electricity, Waterdrainage, Sanitationsewage, Waterdrainage, Other, Electricity","35,000",1600,high,"undeclared, illegal, unprotected",N/A,NA,1:814,N/A,150,"150,",1:233,yes,28000,2,Individual bins,dirt paths,"Taxi, Motorbike, Walking",N/A,Yes,month,bad,year,"Malaria, Typhoid, Diarrhrea, Other",yes,Unknown,yes,Unknown,yes,Unknown,N/A
https://sdinet.org/settlement/1851/1126062,Uganda,Gulu,Iriage Settlement,1910,21-03-2017,"History: Iriaga was established in 1945 after world war 2 ,the first occupants were Nubians followed by Polaro clan who later            were joined by people from Kitgum who currently dominants the population","Other, Waterdrainage, Other, Other, Electricity, Other, Waterdrainage, Other, Other, Electricity","7,000",1620,low,"declared, legal, protected",N/A,800,1:5,Flush,250,"200,",1:35,yes,30000,N/A,Individual bins,dirt paths,"Taxi, Motorbike, Walking",30,Yes,month,average,month,"Malaria, Other, Typhoid, Other",yes,Unknown,yes,Unknown,yes,Unknown,"Playground, Informalmarkets, Furnitureshops, Churches"
https://sdinet.org/settlement/1851/1155450,Uganda,Gulu,Ogwal-owor,1920,22-03-2017,History: The settlement came to be are slum as a result of displacement of people from rural areas to urban as a result of the Kony wars that displaced most people in this area.,"Waterdrainage, Electricity, Other, Waterdrainage, Electricity, Other","6,000",1178,None,"not, applicable",N/A,19,1:286,Pit latrine,150,"150,",1:40,yes,35000,1,Common area inside settlement,gravel roads,"Taxi, Bicycle, Walking",N/A,Yes,month,average,N/A,"Malaria, Diarrhrea, Hiv, Typhoid",yes,Unknown,no,Unknown,yes,30,N/A
https://sdinet.org/settlement/1851/1238222,Uganda,Entebbe,Mayanzi,1807,23-03-2017,History: Residents in this area used to pick and gather grasshoppers in large quantities during specific seasons  and the area was thus named mayanzi after these insects.,"Sanitationsewage, Other, Electricity, Waterdrainage, Other, Sanitationsewage, Other, Electricity, Waterdrainage, Other","6,000",680,high,"undeclared, illegal, unprotected",2,"40,Broken toilets:-38",1:60,Pit latrine,50,"40,",1:150,yes,45000,N/A,Individual bins,dirt paths,Motorbike,40,Yes,other,average,year,"Malaria, Hiv, Typhoid, Diarrhrea",yes,Unknown,yes,Unknown,yes,30 minutes,N/A
https://sdinet.org/settlement/1851/1213884,Uganda,Entebbe,Kyondo,1910,23-03-2017,History: It was initially called lunyo when people were moving to this place they used to say we are going to bangas place the old man to whom the place was named after,"Sanitationsewage, Waterdrainage, Other, Waterdrainage, Other, Sanitationsewage, Waterdrainage, Other, Waterdrainage, Other","3,200",1048,None,"undeclared, illegal, unprotected",2,"240,Broken toilets:-238",1:10,Pour flush,5,"5,",1:640,yes,25000,1,Individual bins,dirt paths,"Taxi, Motorbike",44,Yes,month,average,month,"Malaria, Typhoid, Diarrhrea, Hiv",yes,Unknown,yes,30,yes,30,N/A
https://sdinet.org/settlement/1851/2550420,Uganda,Kampala,Kataba - Biyinja,1986,17-03-2017,History: Initially this area was a stone quarry with a vast cover of a wetland which caused flooding more often thus the name kataba and later on women in the area used to sell Kabalagala(small pan cakes) as a means of livelihood thus the name Kabalagala,"Other, Other, Waterdrainage, Other, Sanitationsewage, Other, Other, Waterdrainage, Other, Sanitationsewage","35,000",5300,None,"undeclared, illegal, unprotected",2,"40,Broken toilets:-38",1:833,Flush,2,"170,",1:203,yes,30000,1,Common area outside settlement,dirt paths,"Taxi, Motorbike, Walking",3,Yes,month,average,month,"Malaria, Hiv/Aids, Tuberclosis, Cholera",yes,Unknown,no,Unknown,yes,Unknown,"Banks, Policestations, Generalshops, Foodshops, Clothingshops, Furnitureshops, Churches, Carrepair"
https://sdinet.org/settlement/1851/2527417,Uganda,Kampala,Ndeeba,1900,24-03-2017,History: People collected grass and took it to mengo and when they got their and could be given food and after eating they could start working looking for water so they could go to Ndeeba because of the kabakas lake.,"Other, Waterdrainage, Other, Tenuresecurity, Sanitationsewage, Other, Waterdrainage, Other, Tenuresecurity, Sanitationsewage","40,000",7550,low,"undeclared, illegal, unprotected",2,"550,Broken toilets:-548",1:39,Pit latrine,254,"450,",1:72,yes,30000,1,Individual bins,dirt paths,"Taxi, Motorbike, Bicycle",20,Yes,year,bad,year,"Malaria, STDS, Typhied, AIDS",yes,Unknown,yes,Unknown,yes,15 minutes,N/A
https://sdinet.org/settlement/1851/2568802,Uganda,Kampala,Makerere III,1970,23-02-2017,History: There used to live a man called Sarongo and was so social. He was the first to start up a laundry bussiness (dobbi),"Waterdrainage, Sanitationsewage, Waterdrainage, Other, Other, Waterdrainage, Sanitationsewage, Waterdrainage, Other, Other","3,000",200,None,"undeclared, illegal, unprotected",N/A,2,1:214,Pit latrine,12,"50,",1:58,yes,20000,3,Individual bins,dirt paths,"Taxi, Motorbike, Walking",10,Yes,year,average,never,"Malaria, Tb, Diarrhrea, Other",yes,Unknown,yes,Unknown,yes,Unknown,N/A
https://sdinet.org/settlement/1851/1198284,Uganda,Moroto,Boma south division,1912,17-03-2017,History: It started as a hunting ground for wid animals as well as a grazing land for domestic,"Electricity, Waterdrainage, Sanitationsewage, Tenuresecurity, Other, Electricity, Waterdrainage, Sanitationsewage, Tenuresecurity, Other","30,000",970,None,"undeclared, illegal, unprotected",2,"100,Broken toilets:-98",1:224,Flush,200,"200,",1:150,yes,10000,1,Common area inside settlement,dirt paths,"Motorbike, Walking",9,Yes,month,good,month,"Malaria, Hiv, Typhoid, Tb",no,Unknown,yes,Unknown,no,Unknown,"Playground, Firestations, Policestations, Generalshops"
https://sdinet.org/settlement/1851/472038,Uganda,Kampala,Bukesa Kakajjo,1986,22-02-2017,History: It was a slum and still a slum that had many robbers distributed in the area.,"Waterdrainage, Sanitationsewage, Other, Other, Other, Waterdrainage, Sanitationsewage, Other, Other, Other","5,400",250,None,"undeclared, illegal, unprotected",N/A,2,1:900,Flush,80,"80,",1:68,yes,N/A,N/A,Individual bins,dirt paths,"Taxi, Motorbike, Walking",4,Yes,other,none,never,"Malaria, Diarrhrea, Typhoid, Hiv",yes,Unknown,yes,60,yes,60,"Policestations, Generalshops, Foodshops, Clothingshops, Furnitureshops, Mosques, Churches, Carrepair"
https://sdinet.org/settlement/1851/1163524,Uganda,Soroti,Kichinjaje,1950,22-03-2017,"History: There was a Muslim man who used to slaughter animals for his only butchery in madera and whenever someone visited this area, he/she.  would say they are going to Muchinjaji and the name was retained even after he left the area.","Sanitationsewage, Waterdrainage, Other, Other, Waterdrainage, Sanitationsewage, Waterdrainage, Other, Other, Waterdrainage","31,500",2030,high,"undeclared, illegal, unprotected",2,"15,Broken toilets:-13",1:328,Pit latrine,10,"10,","1:3,150",yes,30000,1,Common area inside settlement,tarred roads,"Motorbike, Bicycle",N/A,Yes,month,average,year,"Malaria, Diarrohea, HIV/AIDS, T.B",yes,Unknown,no,Unknown,no,Unknown,N/A
https://sdinet.org/settlement/1851/1148470,Uganda,Lira,Ireda-West,2004,24-03-2017,History: It was vast land in 1960's the driver of the then RDC brought trees from Masindi and planted them.later there was establishment of structures in form of IDP camps.The other side of the settlement was occupied by  Banyankole and later  divorced women came in  and started selling alcohol thus increasing the population in the area.,"Other, Electricity, Waterdrainage, Other, Other, Other, Electricity, Waterdrainage, Other, Other","18,000",3850,none,"declared, legal, protected",N/A,NA,1:14,N/A,510,"510,",1:35,yes,30000,1,Common area inside settlement,dirt paths,"Motorbike, Bicycle, Walking",10,Yes,month,average,month,"Malaria, Other, Other, Diarrhrea",yes,20,yes,Unknown,yes,20,N/A
https://sdinet.org/settlement/1851/461320,Uganda,Kampala,Banda,1880,23-02-2017,History: There were many banda trees in the area so they ended up naming the area banda,"Other, Sanitationsewage, Waterdrainage, Other, Other, Other, Sanitationsewage, Waterdrainage, Other, Other","50,000",2000,high,"undeclared, illegal, unprotected",2,"40,Broken toilets:-38","1:1,087",Flush,13,"800,",1:62,yes,30000,2,Individual bins,dirt paths,"Taxi, Motorbike, Walking",100,Yes,other,good,other,"Malaria, Hiv, Other, Other",yes,Unknown,yes,Unknown,yes,more than 1 hour,N/A
https://sdinet.org/settlement/1851/1245591,Uganda,Entebbe,Katabi-Namatte,1925,24-03-2017,"History: Since Entebbe was an administrative area,they constructed houses to offer accommodation in this area to Ministries workers.","Sanitationsewage, Waterdrainage, Other, Sanitationsewage, Other, Sanitationsewage, Waterdrainage, Other, Sanitationsewage, Other","1,500",300,low,"undeclared, illegal, unprotected",2,"50,Broken toilets:-48",1:16,Pit latrine,100,"50,",1:30,yes,25000,1,Common area inside settlement,dirt paths,"Taxi, Motorbike, Bicycle",12,Yes,year,average,year,"Malaria, Typhoid, Tb, Hiv",yes,Unknown,yes,30,yes,30,N/A
https://sdinet.org/settlement/1851/2560705,Uganda,Kampala,Busega,1980,24-03-2017,"History: During the reign of Mwanga, they kept birds called nsege and when these birds felt hungry, the king could order the killing of some people such that his birds could get something to eat","Other, Waterdrainage, Waterdrainage, Sanitationsewage, Other, Other, Waterdrainage, Waterdrainage, Sanitationsewage, Other","36,000",10000,high,"undeclared, illegal, unprotected",2,"2,Broken toilets:0","1:9,000",Pit latrine,20,"20,","1:1,800",yes,30000,N/A,Individual bins,dirt paths,"Taxi, Motorbike, Walking",30,Yes,month,good,month,"Malaria, Diarrhea, TB, Cough",yes,Unknown,no,Unknown,no,Unknown,N/A
https://sdinet.org/settlement/1851/2542568,Uganda,Kampala,Mambo bado-kiseyi luzira,1990,23-02-2017,"History: Luzira came from a luganda  word "" Okuziira"" and okuziira means being prohibited, women were prohibited from fetching water near the rock called luzira when they are in thier menstration periods that it was traditionally not allowed thus calling the settlement luzira.","Sanitationsewage, Waterdrainage, Other, Sanitationsewage, Electricity, Sanitationsewage, Waterdrainage, Other, Sanitationsewage, Electricity","50,000",1615,high,resettled,2,"30,Broken toilets:-28",1:943,Pit latrine,20,"50,",1:833,yes,50000,2,Common area inside settlement,dirt paths,"Taxi, Motorbike, Walking",9,Yes,never,average,other,"Malaria, Other, Hiv, Diarrhrea",yes,10 minutes,no,Unknown,no,Unknown,N/A
https://sdinet.org/settlement/1851/1239077,Uganda,Entebbe,Nsamizi,1890,24-04-2017,History: There used to be so many witch doctors in this area commonly known as Basamizi in Luganda thus the name Nsamizi.,"Sanitationsewage, Housing, Other, Other, Other, Sanitationsewage, Housing, Other, Other, Other","2,400",200,None,"undeclared, illegal, unprotected",2,"300,Broken toilets:-298",1:4,Pit latrine,400,"360,",1:7,yes,51000,2,Common area inside settlement,tarred roads,"Taxi, Motorbike, Bicycle",13,Yes,year,average,year,"Malaria, Typhoid, Tb, Diarrhrea",yes,15,yes,30,yes,30,N/A
https://sdinet.org/settlement/1851/1155257,Uganda,Lira,Blue-Corner,1958,27-03-2017,"History: There was an accident caused by a blue truck and a man died,then Congolese came from their home country due to the insurgency and settled here thus forming a settlement.","Waterdrainage, Sanitationsewage, Tenuresecurity, Electricity, Other, Waterdrainage, Sanitationsewage, Tenuresecurity, Electricity, Other","1,120",240,None,resettled,N/A,NA,1:43,N/A,6,"102,",1:10,yes,45000,1,Common area inside settlement,gravel roads,"Taxi, Motorbike, Bicycle",3,Yes,year,good,year,"Malaria, Hiv, Other, Tb",yes,165,no,Unknown,yes,210,Churches
https://sdinet.org/settlement/1851/920897,Uganda,Jinja,Babu-Patel,1940,21-03-2017,History: Walukuba as a settlement members don�t know how it got the name however the two slum villages idntified that is babu patel and works.babu was an indianwho owned a lot of land which was later taken over by the government,"Sanitationsewage, Housing, Waterdrainage, Other, Electricity, Sanitationsewage, Housing, Waterdrainage, Other, Electricity","2,390",206,None,"undeclared, illegal, unprotected",1,"7,Broken toilets:-6",1:159,Pit latrine,2,"9,",1:217,yes,24000,1,Individual bins,dirt paths,"Taxi, Motorbike, Bicycle",4,Yes,other,good,other,"Malaria, Tb, Hiv, Diarrhrea",yes,15,yes,15,no,Unknown,N/A
https://sdinet.org/settlement/1851/926457,Uganda,Jinja,Kimaka,1900,21-03-2017,"History: Kimaka village was established in 1900. it was known as na agricultural area that was used for growing beans, maize, green vegetables etc. the area also had several crime rates because of its low population. Currently, the area is highly populated with most of the people working in industries","Electricity, Other, Waterdrainage, Waterdrainage, Other, Electricity, Other, Waterdrainage, Waterdrainage, Other","3,495",522,None,"undeclared, illegal, unprotected",2,"60,Broken toilets:-58",1:45,Pit latrine,6,"36,",1:83,yes,30000,N/A,Common area inside settlement,dirt paths,"Motorbike, Bicycle, Walking",4,Yes,month,bad,month,"Other, Hiv, Malaria, Diarrhrea",yes,Unknown,yes,45,yes,45,"Playground, Informalmarkets, Foodshops, Clothingshops, Mosques, Churches, Communications"
https://sdinet.org/settlement/1851/1244626,Uganda,Entebbe,Katabi-Busambaga,1920,24-03-2017,History: Katabi came from a very tall tree with very many leaves thus the Katabi name.,"Waterdrainage, Other, Other, Other, Sanitationsewage, Waterdrainage, Other, Other, Other, Sanitationsewage","3,500",1180,high,"undeclared, illegal, unprotected",2,"140,Broken toilets:-138",1:13,Pit latrine,7000,"6000,",1:1,yes,30000,1,Common area inside settlement,dirt paths,"Taxi, Motorbike, Bicycle",15,Yes,month,average,month,"Malaria, Typhoid, Tb, Diarrhrea",yes,30,yes,60,yes,60,N/A
https://sdinet.org/settlement/1851/1190392,Uganda,Moroto,Camp swahili,1949,17-03-2017,History: There were Tanzanians Kenyans and Somalis who settled in the area and formed Swahili language and most of them were moslems,"Waterdrainage, Sanitationsewage, Housing, Electricity, Waterdrainage, Waterdrainage, Sanitationsewage, Housing, Electricity, Waterdrainage","136,000",3035,low,"undeclared, illegal, unprotected",2,"40,Broken toilets:-38","1:2,957",Pit latrine,5,"20,","1:6,476",yes,15000,2,Common area inside settlement,gravel roads,"Motorbike, Bicycle, Walking",30,Yes,week,good,week,"Malaria, Diarrhrea, Typhoid, Hiv",yes,30 minutes,no,Unknown,no,Unknown,N/A
https://sdinet.org/settlement/1851/2549902,Uganda,Kampala,Kisugu,1920,10-03-2017,History: The settlement was first refered to as Kiwuliriza however through the change of leadership the local people in the area described the process as Amusigukunade thus the name Kisugu was developed,"Waterdrainage, Sanitationsewage, Other, Sanitationsewage, Other, Waterdrainage, Sanitationsewage, Other, Sanitationsewage, Other","23,500",1616,low,"undeclared, illegal, unprotected",5,"3,Broken toilets:2","1:2,938",Flush,50,"20,","1:1,175",yes,30000,3,Individual bins,dirt paths,"Taxi, Motorbike, Walking",12,Yes,month,average,other,"Malaria, Other, Other, Other",yes,Unknown,yes,Unknown,yes,Unknown,N/A
https://sdinet.org/settlement/1851/1125844,Uganda,Hoima,Kiryatete west,1880,16-03-2017,"History: Kiryatete originates from the grass called ""etete"".This grass formed a good grazing land for animals and its existence rendered the settlement","Waterdrainage, Electricity, Sanitationsewage, Landtenure, Other, Waterdrainage, Electricity, Sanitationsewage, Landtenure, Other","10,000",665,low,"undeclared, illegal, unprotected",2,"450,Broken toilets:-448",1:19,Pit latrine,80,"50,",1:200,yes,30000,N/A,Individual bins,dirt paths,"Motorbike, Bicycle",N/A,Yes,other,good,N/A,"Malaria, Cough, Diahroea, HIV",no,Unknown,no,Unknown,no,Unknown,"Playground, Banks, Generalshops, Foodshops, Furnitureshops, Carrepair"
https://sdinet.org/settlement/1851/2543573,Uganda,Kampala,Nyago,1986,24-02-2017,"History: Kibuye 2 within Kibuye started when the RC/LC started and thats when it got its name. also it was through land struggles where they wanted land to belong only on one side.
it had 4zones and subdivided into 8zones","Sanitationsewage, Waterdrainage, Waterdrainage, Sanitationsewage, Other, Sanitationsewage, Waterdrainage, Waterdrainage, Sanitationsewage, Other","240,000",4800,high,"declared, legal, protected",2,"40,Broken toilets:-38","1:5,714",Pit latrine,100,"100,","1:2,400",yes,36000,N/A,Individual bins,dirt paths,"Taxi, Motorbike, Walking",13,Yes,week,bad,week,"Malaria, Typhoid, Other, Hiv",yes,Unknown,no,Unknown,yes,30 minutes,N/A
https://sdinet.org/settlement/1851/1075658,Uganda,Lira,Starch Factory Parish,2006,28-03-2017,History: It was traditional land that settlers  bought from the initial native owners and formed a settlement there.,"Other, Other, Sanitationsewage, Waterdrainage, Other, Other, Sanitationsewage, Waterdrainage","8,000",1500,None,"declared, legal, protected",N/A,286,1:16,Pit latrine,30,"30,",1:242,yes,30000,N/A,Individual bins,dirt paths,"Motorbike, Bicycle, Walking",2,Yes,month,good,month,"Malaria, Hiv, Other, Other",no,Unknown,no,Unknown,no,Unknown,"Generalshops, Informalmarkets, Temples, Churches"
https://sdinet.org/settlement/1851/2569409,Uganda,Kampala,Kyebando Kisalosalo,1949,23-02-2017,"History: The settlement was commonly known for goons and other criminal cases. In the ancient times of Ssekabaka Kalema, capital purnishments were practised","Waterdrainage, Waterdrainage, Sanitationsewage, Other, Waterdrainage, Waterdrainage, Sanitationsewage, Other","30,000",1000,low,"undeclared, illegal, unprotected",N/A,2,"1:1,111",Pit latrine,45,"100,",1:207,yes,28000,1,Individual bins,dirt paths,"Taxi, Motorbike, Bicycle",30,Yes,month,good,year,"Malaria, Tb, Other, Diarrhrea",yes,Unknown,yes,30 minutes to 1 hour,yes,more than 1 hour,N/A
https://sdinet.org/settlement/1851/2569379,Uganda,Kampala,Bwaise I-Lule zone,1980,24-02-2017,History: Kabaka initially ruled by decree and had authority over life and death but unfortunately through his command an individual was killed due to mistaken identity but it was too late to reverse the situation which situation when translated to the local language is 'obudde bwaise' to reverse the action,"Tenuresecurity, Waterdrainage, Waterdrainage, Housing, Other, Tenuresecurity, Waterdrainage, Waterdrainage, Housing, Other","37,500",2000,None,"undeclared, illegal, unprotected",N/A,NA,1:192,N/A,200,"200,",1:188,yes,40000,7,Individual bins,dirt paths,"Taxi, Motorbike, Walking",80,Yes,month,good,other,"Malaria, Other, Tb",yes,Unknown,yes,Unknown,yes,30 minutes to 1 hour,N/A
https://sdinet.org/settlement/1851/1172038,Uganda,Soroti,Moruapesur,1980,22-03-2017,"History: It was a cell when Museveni took over power,councils were introduced  during the time when people were very few and killing of one another was very rampant.People complained that the cell was too big,so it was divided into 5 smaller cells with one were the rock girls lived meaning moruapesur.","Other, Other, Other, Waterdrainage, Other, Other, Other, Other, Waterdrainage, Other","56,000",6015,low,"undeclared, illegal, unprotected",2,"600,Broken toilets:-598",1:56,Pit latrine,50,"20,","1:2,800",yes,25000,2,Common area inside settlement,dirt paths,"Motorbike, Bicycle",10,Yes,year,average,never,"Malaria, Kidney failures, AIDS/HIV, Diabattes",yes,Unknown,yes,Unknown,no,Unknown,"Generalshops, Informalmarkets, Foodshops, Clothingshops, Mosques, Churches, Communications"
https://sdinet.org/settlement/1851/474668,Uganda,Kampala,Kasubi,1800,24-03-2017,"History: There was a big house in the tombs made of the grass called ""suubi"" so the settlement came to be called kasubi for Sekabaka Mutesa 1.","Other, Waterdrainage, Other, Other, Other, Other, Waterdrainage, Other, Other, Other","50,000",28200,high,"undeclared, illegal, unprotected",4,"111,Broken toilets:-107",1:400,Pit latrine,80,"80,",1:625,yes,30000,1,Individual bins,dirt paths,"Taxi, Motorbike, Walking",50,Yes,month,average,never,"Malaria, Typhoid, Diarrhrea, Hiv",yes,Unknown,yes,10 minutes,yes,10 minutes,N/A
https://sdinet.org/settlement/1851/1171441,Uganda,Soroti,Kengere,1960,22-03-2017,History: This place used to nave a lot  of ununited tribes.Soldiers and other people liked this place because it was the first place to be named suburb or town because of the noise  from the disco. The place also had a bar called kengere with a bell that would be rung to alert people about a gathering thus the name for the settlement.,"Sanitationsewage, Waterdrainage, Other, Other, Other, Sanitationsewage, Waterdrainage, Other, Other, Other","50,000",4560,low,"undeclared, illegal, unprotected",1,"1,Broken toilets:0",1:16,Pit latrine,1,"1351,",1:37,yes,30000,1,Common area inside settlement,dirt paths,"Motorbike, Bicycle, Walking",20,Yes,never,none,never,"Malaria, T.B, Typhoid, Diahorrea",yes,Unknown,yes,Unknown,yes,10 minutes,N/A
https://sdinet.org/settlement/1851/1072112,Uganda,Lira,Teso A,1982,28-03-2017,History: People started making alcohol and the land owner started to settle on their land,"Other, Other, Other, Sanitationsewage, Housing, Other, Other, Other, Sanitationsewage, Housing","1,500",365,high,"declared, legal, protected",32,NA,1:14,N/A,4,"27,",1:48,yes,36000,N/A,Individual bins,N/A,"Motorbike, Bicycle, Walking",N/A,Yes,month,average,year,"Malaria, Typhoid, Diarrhrea, Hiv",no,Unknown,no,Unknown,yes,15,"Playground, Policestations, Generalshops, Informalmarkets, Mosques, Churches, Carrepair"
https://sdinet.org/settlement/1851/472201,Uganda,Kampala,Kagugube,1950,22-02-2017,History: It was a tree where the Kabaka performed his rituals so he named it Kagugube. Also the people bought Kanzu's to Kabaka's men and settle; thus the name Kagugube.,"Sanitationsewage, Other, Other, Waterdrainage, Sanitationsewage, Sanitationsewage, Other, Other, Waterdrainage, Sanitationsewage","15,000",650,None,"undeclared, illegal, unprotected",2,"2,Broken toilets:0",1:455,Flush,100,"100,",1:150,yes,36000,2,Individual bins,tarred roads,"Taxi, Motorbike, Walking",30,Yes,other,average,other,"Malaria, Hiv, Diarrhrea, Other",yes,Unknown,yes,Unknown,yes,Unknown,N/A
https://sdinet.org/settlement/1851/1173400,Uganda,Soroti,Nakatonya,1930,22-03-2017,"History: This place was a virgin area in the early 1920's but in 1930's Nubian Muslims started  settling in the area while making pancakes and samosas,planting and selling sugar canes.After the construction of Apapai  cotton ginery other people were attracted to come and settle in the area. The first European smith came in 1932 and built in Nakatunya","Sanitationsewage, Electricity, Other, Other, Waterdrainage, Sanitationsewage, Electricity, Other, Other, Waterdrainage","4,662",946,high,"undeclared, illegal, unprotected",3,"40,Broken toilets:-37",1:49,Flush,1,"35,",1:130,yes,30000,1,Individual bins,dirt paths,"Motorbike, Bicycle",5,Yes,month,average,year,"Diahorrea, Cough, Measels, Malaria",yes,Unknown,yes,5 minutes,yes,5 minutes,"Policestations, Generalshops, Informalmarkets, Foodshops, Clothingshops, Furnitureshops, Churches"
https://sdinet.org/settlement/1851/2542291,Uganda,Kampala,Bunzaali zone,1920,17-03-2017,History: Due to the fact that the area was swampy. it was a settlement of foreigners most of them from kenya. to say lala salama was a reference due to the situation the settlement was in that time because it was not easy to sleep in this area. that's why they could say good night during sleeping hours,"Other, Other, Sanitationsewage, Waterdrainage, Other, Other, Other, Sanitationsewage, Waterdrainage, Other","54,000",4000,low,"declared, legal, protected",4,"4,Broken toilets:0","1:4,500",Pit latrine,300,"200,",1:270,yes,30000,1,Individual bins,dirt paths,"Car, Taxi, Motorbike",8,Yes,month,average,year,"Malaria, Hiv, Other, Other",yes,Unknown,yes,Unknown,yes,15 minutes,N/A
https://sdinet.org/settlement/1851/1218949,Uganda,Tororo,Kasoli,1939,21-03-2017,"History: Kasoli began as a settlement for the veterans who had participated in the second world war and later attracted many people from different walks of life.Kasoli originates from a stop over journey point at the railway station where people used to stop and eat maize. Eventually those who settled here started growing maize ""Kasoli"".","Other, Other, Tenuresecurity, Housing, Electricity, Other, Other, Tenuresecurity, Housing, Electricity","2,800",800,high,"declared, legal, protected",2,"200,Broken toilets:-198",1:6,Pit latrine,200,"150,",1:19,yes,18000,2,Common area inside settlement,dirt paths,"Motorbike, Bicycle, Walking",14,Yes,month,good,month,"Typhoid, Malaria, Diarrhrea, Malaria",yes,Unknown,yes,Unknown,yes,Unknown,"Policestations, Generalshops, Informalmarkets, Foodshops, Clothingshops, Churches, Communications"
https://sdinet.org/settlement/1851/1126369,Uganda,Gulu,Pabbo Quarters,1947,21-03-2017,History: This settlement fast was owned by the Banyoro tribe than later on they sold the area to people now settling on and the name Kirombe came from Bunyoro.,"Waterdrainage, Other, Other, Other, Other, Waterdrainage, Other, Other, Other, Other","7,250",900,None,"not, applicable",N/A,540,1:8,Pit latrine,30,"30,",1:242,yes,40000,N/A,Common area outside settlement,gravel roads,"Motorbike, Bicycle, Walking",8,Yes,month,average,month,"Malaria, Typhoid, Other, Diarrhrea",yes,Unknown,yes,Unknown,no,Unknown,"Playground, Generalshops, Informalmarkets, Foodshops, Furnitureshops, Churches, Carrepair"
https://sdinet.org/settlement/1851/1215291,Uganda,Tororo,Agururu Trading Center,1959,21-03-2017,History: The initial inhabitants of this settlement were the Jaluo speaking people from Kenya.They migrated westwards and settled in Tororo.,"Other, Waterdrainage, Other, Other, Sanitationsewage, Other, Waterdrainage, Other, Other, Sanitationsewage","8,000",1350,high,"declared, legal, protected",N/A,150,1:27,Pit latrine,150,"145,",1:55,yes,15000,2,Common area inside settlement,dirt paths,"Motorbike, Bicycle, Walking",N/A,Yes,month,bad,year,"Malaria, Typhoid, Diarrhrea, Tb",yes,Unknown,yes,Unknown,yes,60,N/A
https://sdinet.org/settlement/1851/473825,Uganda,Kampala,Kalerwe,1970,23-02-2017,"History: The railway line passes through the settlement and the famous market kalerwe, this is why the residents named the place Kalerwe.","Sanitationsewage, Waterdrainage, Other, Other, Other, Sanitationsewage, Waterdrainage, Other, Other, Other","9,000",500,low,"undeclared, illegal, unprotected",N/A,NA,1:429,N/A,2,N/A,N/A,yes,28000,7,Common area outside settlement,dirt paths,"Taxi, Motorbike, Bicycle",3,Yes,month,average,year,"Malaria, Diarrhrea, Other, Hiv",yes,15 minutes,no,Unknown,yes,15 minutes,"Generalshops, Informalmarkets, Foodshops, Clothingshops, Furnitureshops, Churches, Carrepair"
https://sdinet.org/settlement/1851/1200774,Uganda,Moroto,Boma north parish,1974,24-04-2017,"History: Because the market was built during the time of the kenyan men were doing casual work for their livelihood and they attracted people  to live there and it was called ""bazal kuta mukono"" [police man","Waterdrainage, Other, Other, Other, Electricity, Waterdrainage, Other, Other, Other, Electricity","9,714",910,None,"undeclared, illegal, unprotected",N/A,NA,"1:4,857",N/A,N/A,N/A,N/A,yes,2000,1,Common area inside settlement,dirt paths,"Motorbike, Walking",2,Yes,week,good,month,"Malaria, Tb, Typhoid, Diarrhrea",yes,Unknown,yes,Unknown,yes,Unknown,N/A
https://sdinet.org/settlement/1851/1125856,Uganda,Gulu,Cuk pa cenjere,1927,21-03-2017,History: It was started as pulota(shop) later on came into trading centre in the name of the land load (cenjere) now it has developed into a market with more than 100 pple trading with in and selling things as well in the area.,"Other, Waterdrainage, Other, Housing, Waterdrainage, Other, Waterdrainage, Other, Housing, Waterdrainage","6,400",1590,None,"undeclared, illegal, unprotected",2,"350,Broken toilets:-348",1:16,Pit latrine,1,"8,",1:711,no,15000,N/A,Common area inside settlement,gravel roads,"Car, Bicycle, Walking",4,Yes,month,good,month,"Malaria, Tb, Diarrhrea, Other",yes,10 minutes,no,Unknown,no,Unknown,"Informalmarkets, Foodshops, Mosques, Churches"
https://sdinet.org/settlement/1851/926671,Uganda,Jinja,Kamuli Road Village,1962,21-03-2017,"History: It had a lot of thieves,bushy,education was very low","Waterdrainage, Sanitationsewage, Housing, Electricity, Other, Waterdrainage, Sanitationsewage, Housing, Electricity, Other","7,500",1500,None,"undeclared, illegal, unprotected",2,"75,Broken toilets:-73",1:63,Flush,9,"25,",1:259,yes,25000,N/A,Common area inside settlement,dirt paths,"Taxi, Motorbike, Walking",7,Yes,year,good,year,"Malaria, Diarrhrea, Hiv",yes,Unknown,yes,Unknown,no,Unknown,"Playground, Policestations, Generalshops, Informalmarkets, Mosques, Churches"
https://sdinet.org/settlement/1851/473877,Uganda,Kampala,Kazo Angola,1973,22-02-2017,"History: During the error of Japiro and Odombo, they were making soap and the soldiers and it was the time Angola was having a war so nit was the Radio eventually we were also selling soap since it was a black market and when even some called you , you would replys.","Waterdrainage, Sanitationsewage, Other, Other, Other, Waterdrainage, Sanitationsewage, Other, Other, Other","34,698",2140,None,"undeclared, illegal, unprotected",2,"2,Broken toilets:0","1:8,675",Pit latrine,102,"62,",1:560,yes,30000,1,Individual bins,dirt paths,"Taxi, Motorbike, Walking",50,Yes,month,average,other,"Malaria, Tb, Other, Other",yes,Unknown,yes,15 minutes,yes,20,N/A
https://sdinet.org/settlement/1851/2550033,Uganda,Kampala,Kilombe - Lukuli,1986,10-03-2017,"History: It was originally a brick laying area but with time while the population increased, people buit houses to cover up the brick laying area. the area consists of eight zones","Waterdrainage, Sanitationsewage, Other, Other, Other, Waterdrainage, Sanitationsewage, Other, Other, Other","10,000",1400,low,"undeclared, illegal, unprotected",N/A,NA,"1:2,500",Pit latrine,N/A,N/A,N/A,yes,12000,1,Individual bins,dirt paths,"Taxi, Motorbike, Walking",30,Yes,other,bad,other,"Diarrhrea, Other, Malaria, Hiv",yes,Unknown,yes,15 minutes,yes,30 minutes,N/A
https://sdinet.org/settlement/1851/472054,Uganda,Kampala,Mengo,1986,29-10-2013,History: It was Mengo municipality having Katikiro's residence and his ministers and where also Kabaka used to be entertained from many cultural sites near to Mengo thus resulting to Mengo parish.,"Other, Sanitationsewage, Other, Waterdrainage, Other, Other, Sanitationsewage, Other, Waterdrainage, Other","3,000",800,None,"undeclared, illegal, unprotected",2,"200,Broken toilets:-198",1:10,Pit latrine,50,"30,",1:43,yes,20000,2,Individual bins,dirt paths,"Taxi, Motorbike, Bicycle",10,Yes,other,bad,never,"Malaria, Cough, HIV/Aids, Diabetes",yes,Unknown,yes,Unknown,yes,15 minutes,N/A
https://sdinet.org/settlement/1851/463472,Uganda,Kampala,Kinawataka,1881,23-02-2017,History: Kinawataka is found in Mbuya parish and mbuya got its name from the traditional leader called Mbuya kaggo while kinawataka got its name due to the fact that the place is always muddy.,"Other, Other, Waterdrainage, Other, Other, Other, Other, Waterdrainage, Other, Other","24,000",7000,None,"undeclared, illegal, unprotected",2,"102,Broken toilets:-100",1:41,Pit latrine,300,"300,",1:53,yes,30000,2,Individual bins,dirt paths,"Car, Taxi, Motorbike",20,Yes,other,average,other,"Malaria, Typhoid, Hiv, Diarrhrea",yes,Unknown,yes,Unknown,yes,10 minutes,N/A
https://sdinet.org/settlement/1851/926421,Uganda,Jinja,Danida-Soweto (Masese 2),1920,21-03-2017,History: There were two ladies who owned this area azama kagoya and ministry of lands took over land and constructed some housesbut no compesation was made.,"Other, Other, Sanitationsewage, Housing, Waterdrainage, Other, Other, Sanitationsewage, Housing, Waterdrainage","30,000",1090,high,"undeclared, illegal, unprotected",2,"20,Broken toilets:-18",1:86,Flush,3,"12,","1:2,000",yes,12000,2,Common area inside settlement,dirt paths,"Taxi, Motorbike, Bicycle",6,Yes,month,average,other,"Malaria, Diarrhrea, Hiv, Typhoid",yes,5,no,Unknown,yes,20,N/A
https://sdinet.org/settlement/1851/1208014,Uganda,Gulu,Pece Lukung,1948,21-03-2017,"History: Mr.Alimo being the first person who led other people from Lukung in Kitgum to Pece Lukung in 1951 and Pece prison came in 1939 that the government built a local government prison and also forest, the  initiated by government in 1948","Other, Waterdrainage, Other, Other, Electricity, Other, Waterdrainage, Other, Other, Electricity","6,780",1270,None,"not, applicable",N/A,3000,1:2,Pit latrine,5,"40,",1:151,yes,25000,N/A,Common area outside settlement,dirt paths,"Motorbike, Bicycle, Walking",50,Yes,month,average,N/A,"Malaria, Diarrhrea, Hiv, Other",yes,Unknown,yes,Unknown,yes,60,"Playground, Generalshops, Informalmarkets, Foodshops, Furnitureshops, Churches, Communications"
https://sdinet.org/settlement/1851/472181,Uganda,Kampala,Kamwokya II,1800,22-02-2017,"History: During the time of Kabaka Suuna their were men who were responsible for bringing him banana fruits to make him wine so as they passed in the area, their was to much sunshine which heat them so much thus the name Kamwokya.","Waterdrainage, Sanitationsewage, Other, Other, Other, Waterdrainage, Sanitationsewage, Other, Other, Other","6,380",650,high,"undeclared, illegal, unprotected",2,"2,Broken toilets:0",1:580,Flush,88,"10,",1:638,yes,30000,2,Individual bins,dirt paths,"Taxi, Motorbike, Bicycle",15,Yes,other,good,other,"Malaria, Measels, HIV/Aids, Diarrhoea",yes,Unknown,yes,60,yes,60,N/A
https://sdinet.org/settlement/1851/2553200,Uganda,Kampala,Katwe II,1986,23-02-2017,"History: During the regime of Kabaka's the settlementn was known as katwe but letter in 1986, it was demacted to katwe II from Katwe I. it was known as the brain of Kampala during Kabaka's Mutesa's regime but letter by the influence of politics their appeared the Naming of Zones like Kigolo Besi zone and others","Housing, Electricity, Sanitationsewage, Waterdrainage, Other, Housing, Electricity, Sanitationsewage, Waterdrainage, Other","42,000",3550,high,"not, applicable",2,"480,Broken toilets:-478",1:88,Pit latrine,2000,"2000,",1:21,yes,21000,1,Individual bins,dirt paths,"Taxi, Motorbike, Walking",80,Yes,year,bad,year,"Malaria, Malaria, Other, Hiv",yes,Unknown,no,Unknown,no,Unknown,N/A
https://sdinet.org/settlement/1851/1239251,Uganda,Entebbe,Nalumansi,1940,24-03-2017,"History: The owner of the land was called Nalumansi, she owned a bar  and she later initiated other people into the business thus attracting more people into settling in this area hence leading to the increased population.","Housing, Other, Other, Other, Housing, Other, Other, Other","4,000",750,None,"undeclared, illegal, unprotected",2,"100,Broken toilets:-98",1:10,Pit latrine,50,"50,",1:80,yes,20000,1,Common area inside settlement,dirt paths,"Taxi, Motorbike, Bicycle",24,Yes,year,average,year,"Hiv, Typhoid, Diarrhrea, Malaria",yes,Unknown,yes,30 minutes,yes,30 minutes,"Playground, Generalshops, Informalmarkets, Foodshops, Clothingshops, Mosques, Churches"
https://sdinet.org/settlement/1851/1075879,Uganda,Lira,Labourline & Corner Dakata,1988,28-03-2017,"History: Railway quarters started in 1954 as staff quarters but parts of this land were vacant and  considered as no man's land, in early 80's people started clearing the bushes  and created a neighborhood. This area comprises of two villages A and B.","Sanitationsewage, Waterdrainage, Electricity, Other, Tenuresecurity, Sanitationsewage, Waterdrainage, Electricity, Other, Tenuresecurity","2,000",430,high,"undeclared, illegal, unprotected",N/A,105,1:14,Pit latrine,1,"45,",1:44,yes,20000,N/A,Individual bins,gravel roads,"Taxi, Motorbike, Bicycle",60,Yes,month,average,month,"Malaria, Other, Typhoid, Other",yes,Unknown,no,Unknown,no,Unknown,"Playground, Policestations, Generalshops, Informalmarkets, Foodshops, Churches, Carrepair"
https://sdinet.org/settlement/1851/1076265,Uganda,Lira,Kakooge,1954,27-03-2017,"History: Kakooge was named by some people who were staying here ,these people were from Bunyoro, Busoga and Buganda and had come to  carry out construction work in lira on roads,the hospital an business as well.","Waterdrainage, Other, Other, Other, Waterdrainage, Other, Other, Other","12,714",1524,None,"declared, legal, protected",2,"125,Broken toilets:-123",1:6,Pit latrine,37,"100,",1:93,yes,35000,2,Common area inside settlement,dirt paths,"Taxi, Motorbike, Bicycle",15,Yes,other,average,other,"Tb, Hiv, Malaria, Diarrhrea",yes,Unknown,no,Unknown,yes,Unknown,N/A
https://sdinet.org/settlement/1851/473756,Uganda,Kampala,Bukooza (lugala) Kosovo,1989,20-09-2013,History: The town had no station where people would board from so it was a serious war between the taxi drivers from lungujja and drivers from nateete since they all wanted the same place for a stage.,"Other, Waterdrainage, Other, Sanitationsewage, Other, Other, Waterdrainage, Other, Sanitationsewage, Other","15,000",2510,None,"undeclared, illegal, unprotected",2,"4879,Broken toilets:-4877",1:3,Pit latrine,50,"44,",1:165,yes,48000,1,Individual bins,dirt paths,"Taxi, Motorbike, Walking",50,Yes,month,average,week,"Malaria, HIV/Aids, Tuberculosis, Measels",yes,Unknown,yes,Unknown,yes,30 minutes,N/A
https://sdinet.org/settlement/1851/1214129,Uganda,Tororo,Amagoro B,1958,21-03-2017,History: This place used to be a forest and Amagoro means forest in Ateso language.The town council allocated some land of this forest to people who settled there thus forming a settlement.,"Other, Other, Waterdrainage, Other, Other, Other, Other, Waterdrainage, Other, Other","7,200",1400,high,"declared, legal, protected",N/A,200,1:24,Pit latrine,200,"200,",1:36,yes,20000,2,Common area inside settlement,dirt paths,"Motorbike, Bicycle, Walking",10,Yes,month,average,year,"Malaria, Diarrohea, Cough, HIV/AIDS",yes,Unknown,yes,60,yes,60,"Generalshops, Informalmarkets, Foodshops, Clothingshops, Furnitureshops, Churches"
https://sdinet.org/settlement/1851/468113,Uganda,Kampala,Kisenyi III,1986,22-02-2017,"History: The area had many grinding stones so women would come to grind their sorghum and millet on the stone locally known as ""olubengo"". and before liberation of NRM it was partitioned into 4 parishes ie kisenyi 1,2,3, and mengo parish. Thats how kisenyi 3 got its name.","Other, Other, Other, Waterdrainage, Other, Other, Other, Other, Waterdrainage, Other","8,000",900,high,"undeclared, illegal, unprotected",2,"64,Broken toilets:-62",1:103,Flush,17,"10,",1:364,yes,30000,2,Common area inside settlement,dirt paths,"Taxi, Motorbike, Walking",30,Yes,other,good,month,"Malaria, Hiv, Other, Diarrhrea",yes,Unknown,yes,30 minutes,yes,15 minutes,N/A
https://sdinet.org/settlement/1851/1245804,Uganda,Entebbe,Kiwafu East,1986,24-03-2017,History: The place had a lot of Mpafu trees thus the name Kiwafu the later it was divided into two.,"Other, Other, Other, Waterdrainage, Sanitationsewage, Other, Other, Other, Waterdrainage, Sanitationsewage","7,500",1000,high,"undeclared, illegal, unprotected",2,"150,Broken toilets:-148",1:30,Pit latrine,1300,"1200,",1:6,yes,50000,1,Common area inside settlement,tarred roads,"Taxi, Motorbike, Bicycle",17,Yes,year,average,year,"Malaria, Malaria, Typhoid, Diarrhrea",yes,Unknown,yes,Unknown,yes,Unknown,"Generalshops, Informalmarkets, Foodshops, Clothingshops, Furnitureshops, Churches"
https://sdinet.org/settlement/1851/1207062,Uganda,Tororo,Bison B,1958,20-03-2017,History: Bison came from zone B and that's why it's called Bison.,"Housing, Other, Waterdrainage, Sanitationsewage, Electricity, Housing, Other, Waterdrainage, Sanitationsewage, Electricity","3,600",890,low,"undeclared, illegal, unprotected",N/A,54,1:4,Pit latrine,50,"43,",1:84,yes,8000,"""0""",Individual bins,dirt paths,"Motorbike, Bicycle, Walking",15,Yes,month,average,year,"Malaria, Diahorrea, HIV/AIDS, Phemonia",yes,Unknown,yes,60,yes,60,N/A
https://sdinet.org/settlement/1851/474222,Uganda,Kampala,Bwaise 2,1986,23-02-2017,"History: There was one subject to the king who had defied the orders and was sentenced to death but afterwards, it was reported to the king again by other servants that the one who was taken to be killed is not the one who had defied the orders so the king replied.","Waterdrainage, Sanitationsewage, Housing, Tenuresecurity, Landtenure, Waterdrainage, Sanitationsewage, Housing, Tenuresecurity, Landtenure","42,000",1700,low,"undeclared, illegal, unprotected",2,"2,Broken toilets:0","1:3,818",Pit latrine,150,"150,",1:280,yes,30000,1,Individual bins,dirt paths,"Taxi, Motorbike, Bicycle",20,Yes,month,average,year,"Diarrhrea, Hiv, Tb, Typhoid",yes,Unknown,yes,30 minutes,yes,30 minutes,N/A
https://sdinet.org/settlement/1851/920945,Uganda,Jinja,Masese 1,1949,21-03-2017,"History: Masese 1 has small villages that is Kipamba, Kibuga mbaata, landing site and water quarters. This area had a lot of tsetse flies thus the name Masese.","Housing, Other, Sanitationsewage, Other, Other, Housing, Other, Sanitationsewage, Other, Other","30,000",1452,high,"undeclared, illegal, unprotected",2,"150,Broken toilets:-148",1:144,Pit latrine,52,"30,",1:366,yes,9000,1,Common area inside settlement,tarred roads,"Motorbike, Walking",5,Yes,other,average,other,"Malaria, Typhoid, Hiv, Other",yes,Unknown,yes,Unknown,yes,40,N/A
https://sdinet.org/settlement/1851/2569423,Uganda,Kampala,Kifumbira,1970,23-02-2017,History: There used to stay many Bafumbiras in the area so the residents named the area kifumbira,"Waterdrainage, Other, Other, Sanitationsewage, Other, Waterdrainage, Other, Other, Sanitationsewage, Other","12,000",600,None,"undeclared, illegal, unprotected",N/A,2,1:29,Flush,12,N/A,N/A,yes,30000,2,Individual bins,dirt paths,"Taxi, Motorbike, Bicycle",3,Yes,never,bad,other,"Malaria, Other, Other, Hiv",yes,Unknown,yes,30 minutes,yes,Unknown,"Generalshops, Informalmarkets, Foodshops, Furnitureshops, Churches, Carrepair"
https://sdinet.org/settlement/1851/2549923,Uganda,Kampala,Namirembe bakuli,1900,24-03-2017,"History: Bakuli came from a business man who used to sell ""Bakuli"" so the home came to be Bakuli Namirembe grass which covered the hill.","Sanitationsewage, Other, Other, Waterdrainage, Other, Sanitationsewage, Other, Other, Waterdrainage, Other","24,000",3500,high,"undeclared, illegal, unprotected",3,"78,Broken toilets:-75",1:279,Flush,200,"180,",1:133,yes,45000,1,Individual bins,dirt paths,"Taxi, Motorbike, Walking",50,Yes,never,good,other,"Malaria, Diarrhrea, Diarrhrea, Hiv",yes,Unknown,yes,15 minutes,yes,Unknown,N/A
https://sdinet.org/settlement/1851/474710,Uganda,Kampala,Wabigalo,1970,02-03-2017,History: They used to weigh goods using their hands therefore the bigger the hands the more the goods thus the origin of the name: wabigalo.,"Sanitationsewage, Other, Other, Waterdrainage, Other, Sanitationsewage, Other, Other, Waterdrainage, Other","36,000",3200,high,"undeclared, illegal, unprotected",N/A,NA,"1:4,500",N/A,10,"150,",1:225,yes,28000,2,Individual bins,dirt paths,"Taxi, Motorbike, Walking",5,Yes,month,average,other,"Malaria, Other, Typhoid, Diarrhrea",yes,Unknown,yes,30 minutes,yes,more than 1 hour,N/A
https://sdinet.org/settlement/1851/2551450,Uganda,Kampala,Nasmbya Gogonya,1945,10-03-2017,"History: Nsambya Gogonya was extending up to Nabititi but was reduced into, Gogonya 1&amp; 2, AS man called Gogonya he was a leader in Nsambya from Makindye","Other, Other, Sanitationsewage, Waterdrainage, Other, Other, Other, Sanitationsewage, Waterdrainage, Other","32,000",5000,None,"undeclared, illegal, unprotected",N/A,NA,1:1,Pit latrine,204,"204,",1:157,yes,30000,1,Individual bins,dirt paths,"Car, Taxi, Motorbike",3,Yes,other,bad,other,"Malaria, Hiv, Cough, TB",yes,Unknown,no,Unknown,yes,10 minutes,N/A
https://sdinet.org/settlement/1851/474681,Uganda,Kampala,Bukasa,1890,02-12-2013,History: There was a ghost that did not accept people to grow beans and Mpande in the settlement.,"Sanitationsewage, Waterdrainage, Other, Waterdrainage, Other, Sanitationsewage, Waterdrainage, Other, Waterdrainage, Other","25,000",2000,high,"undeclared, illegal, unprotected",2,"3,Broken toilets:-1","1:3,125",Pit latrine,50,"30,",1:833,yes,N/A,1,Individual bins,dirt paths,"Taxi, Motorbike, Bicycle",30,Yes,month,average,other,"Malaria, Other, Other, Other",yes,Unknown,yes,30 minutes to 1 hour,yes,30 minutes to 1 hour,"Generalshops, Clothingshops, Furnitureshops, Mosques, Churches, Communications, Carrepair"
https://sdinet.org/settlement/1851/1213949,Uganda,Tororo,Agururu B',1920,20-03-2017,"History: Originally the place had no people but with the settlement of a few elderly people,other migrants from other areas came to Agururu.With the new administrative units created by council,Agururu was created in replacement for Kayola meaning general.","Other, Other, Waterdrainage, Other, Electricity, Other, Other, Waterdrainage, Other, Electricity","7,500",1040,None,"declared, legal, protected",2,"100,Broken toilets:-98",1:30,Pit latrine,100,"70,",1:107,yes,25000,2,Common area inside settlement,dirt paths,"Motorbike, Walking",12,Yes,month,average,year,"Malaria, Diarrhrea, Tb, Hiv",yes,120,yes,120,yes,120,N/A
https://sdinet.org/settlement/1851/461222,Uganda,Kampala,Bukoto I,1986,23-02-2017,History: Bukoto 1 is composed of many zones and each zone was named after their respective settlers for example kironde zone was named after a settler called kironde.,"Other, Waterdrainage, Sanitationsewage, Other, Other, Other, Waterdrainage, Sanitationsewage, Other, Other","48,000",15795,low,"undeclared, illegal, unprotected",2,"200,Broken toilets:-198",1:135,Flush,30,"400,",1:117,yes,30000,4,Individual bins,dirt paths,"Taxi, Motorbike, Bicycle",30,Yes,other,good,year,"Malaria, Other, Other, Hiv",yes,Unknown,yes,Unknown,yes,30 minutes,N/A
